SMILES,property,source
CC(=O)c1cc(-c2c(-c3ccccc3C)csc2-c2c(C)csc2C)cs1,SA_logP_target,smiles_lstm
Cc1cc(C(C)Nc2cccc(-c3csc(-c4ccccc4)c3)c2CC#N)c(C)s1,SA_logP_target,smiles_lstm
Cc1ccc(-c2csc(C(C)c3ccsc3)c2-c2csc(C3CC3)n2)s1,SA_logP_target,smiles_lstm
Cc1ccc(C)c(-c2oc3c(-c4ccc(Cl)cc4Cl)cccc3c2C)c1,SA_logP_target,smiles_lstm
CCc1cccc(-c2c(-c3c(C)c(C)cc(C)c3C(C)C)csc2C)c1,SA_logP_target,smiles_lstm
CCc1cccc(-c2c(-c3cc(-c4ccsc4)sc3C)nc(C)c(C)c2C)c1,SA_logP_target,smiles_lstm
Nc1ccc(-c2cccc(-c3ccccc3)c2-c2ccc(-c3ccccc3)cc2)s1,SA_logP_target,smiles_lstm
CC(C)N(C(=O)c1ccc(-c2csc(-c3ccoc3)c2)s1)C(C)c1ccccc1Cl,SA_logP_target,smiles_lstm
Cc1cc(C)c(-c2csc(-c3cc(C(C)C)ccc3C(Cl)Cl)n2)c(C)c1,SA_logP_target,smiles_lstm
CCc1ccc(C(C)Nc2cc(-c3cc(-c4ccsc4)cs3)cs2)s1,SA_logP_target,smiles_lstm
CC(C)c1ccccc1NCc1coc(-c2ccc(Cl)cc2)c1-c1ccccc1,SA_logP_target,smiles_lstm
CC(C)c1ccc(CNc2c(-c3ccc(Cl)cc3)cccc2-c2ccco2)cc1,SA_logP_target,smiles_lstm
CC(C)c1cccc(C(C)c2cc(-c3cccc(Cl)c3Cl)cs2)c1,SA_logP_target,smiles_lstm
CCc1cc(-c2scc(CC)c2-c2ccsc2)ccc1-c1ccsc1,SA_logP_target,smiles_lstm
CCc1c(-c2cc(F)ccc2-c2cccs2)csc1C(C)c1ccccc1,SA_logP_target,smiles_lstm
Cc1ccc(-c2cc(-n3cccc3)c(-c3ccc(-c4ccco4)cc3)c(C)c2C)cc1,SA_logP_target,smiles_lstm
CCc1cc(-c2csc(-c3ccco3)c2C(F)(F)F)c(C)c(C)c1C(C)C,SA_logP_target,smiles_lstm
Cc1cccc(-c2cccc(-c3csc(-c4ccsc4)c3C3CC3)c2)c1,SA_logP_target,smiles_lstm
Cc1cccc(-c2c(-c3sccc3C3CC3)csc2-c2ccccc2)c1,SA_logP_target,smiles_lstm
Cc1cccc(-c2c(-c3ccccc3)csc2-c2ccsc2C2CC2)c1,SA_logP_target,smiles_lstm
Cc1cc(-c2csc(-c3ccc(Cl)cc3)c2C(C)(C)C)c(-c2cccnc2)o1,SA_logP_target,smiles_lstm
Cc1cc(-c2cccc(-c3csc(-c4ccsc4)c3)c2)cc(C2CC2)c1,SA_logP_target,smiles_lstm
Cc1c(-c2ccc(Cl)cc2)cc(-c2csc(-c3ccco3)n2)cc1C(C)(C)C,SA_logP_target,smiles_lstm
N#Cc1c(-c2ccccc2-c2csc(-c3ccco3)c2)csc1-c1ccsc1,SA_logP_target,smiles_lstm
Cc1scc(-c2cc(Cl)cc(Cl)c2Cl)c1-c1cccc(Cl)c1,SA_logP_target,smiles_lstm
c1ccc(-c2csc(-c3sccc3-c3csc(-c4ccsc4)n3)c2)cc1,SA_logP_target,smiles_lstm
c1ccc(-c2cc(-c3sccc3-c3ccsc3)cs2)c(-c2cscn2)c1,SA_logP_target,smiles_lstm
CC(C)c1csc(-c2cccc(-c3csc(-c4ccsc4)c3)c2)c1,SA_logP_target,smiles_lstm
CC(C)c1csc(-c2cc(-c3cccc(-c4ccsc4)c3)cs2)c1,SA_logP_target,smiles_lstm
CC(C)c1cccc(-c2csc(-c3csc(-c4ccsc4)c3)c2)c1,SA_logP_target,smiles_lstm
CC(C)c1cccc(-c2ccc(-c3csc(-c4cccs4)c3)s2)c1,SA_logP_target,smiles_lstm
CC(C)c1cccc(-c2cc(-c3csc(-c4ccsc4)c3)cs2)c1,SA_logP_target,smiles_lstm
CC(C)c1cccc(-c2c(-c3cccs3)csc2-c2ccsc2)c1,SA_logP_target,smiles_lstm
CC(C)c1ccc(-c2csc(-c3csc(-c4ccsc4)c3)c2)cc1,SA_logP_target,smiles_lstm
CC(C)c1ccc(-c2csc(-c3ccsc3)c2-c2ccsc2)cc1,SA_logP_target,smiles_lstm
CC(C)c1ccc(-c2csc(-c3cc(-c4ccsc4)cs3)c2)cc1,SA_logP_target,smiles_lstm
CC(C)c1ccc(-c2cc(-c3csc(-c4ccsc4)c3)cs2)cc1,SA_logP_target,smiles_lstm
CC(C)c1ccc(-c2c(-c3cccs3)csc2-c2cccs2)cc1,SA_logP_target,smiles_lstm
CC(C)c1cc(-c2csc(-c3ccccc3)c2-c2ccsc2)cs1,SA_logP_target,smiles_lstm
CC(C)c1cc(-c2cccc(-c3csc(-c4ccsc4)c3)c2)cs1,SA_logP_target,smiles_lstm
CC(C)c1cc(-c2cccc(-c3ccsc3)c2)sc1-c1ccsc1,SA_logP_target,smiles_lstm
CC(C)c1c(-c2ccccc2)csc1-c1csc(-c2cccs2)c1,SA_logP_target,smiles_lstm
Cc1ccc(-c2csc(Cc3ccc(-c4ccc(Cl)cc4)c(C)c3)c2)s1,SA_logP_target,smiles_lstm
Cc1cc(-c2cccc(-c3csc(Cc4ccsc4)c3)c2)c(C)cc1Cl,SA_logP_target,smiles_lstm
Cc1csc(C)c1C(C)Nc1cccc(-c2csc(-c3ccsc3)c2)c1,SA_logP_target,smiles_lstm
Cc1ccc(C(C)Nc2ccc(-c3csc(-c4ccsc4)c3)c(C)c2)s1,SA_logP_target,smiles_lstm
Cc1ccc(-c2csc(C)c2NC(C)c2ccc(-c3ccsc3)s2)cc1,SA_logP_target,smiles_lstm
Cc1cc(C)c(NC(C)c2cc(-c3cccs3)cs2)c(-c2ccsc2)c1,SA_logP_target,smiles_lstm
Cc1cc(C)c(C(C)Nc2cc(-c3ccsc3)cs2)c(-c2cccs2)c1,SA_logP_target,smiles_lstm
Cc1cc(C(C)Nc2cccc(-c3csc(-c4ccsc4)c3)c2)c(C)s1,SA_logP_target,smiles_lstm
Cc1cc(C(C)Nc2cccc(-c3csc(-c4cccs4)c3)c2)c(C)s1,SA_logP_target,smiles_lstm
Cc1cc(C(C)Nc2cc(-c3cccc(-c4ccsc4)c3)cs2)c(C)s1,SA_logP_target,smiles_lstm
Cc1cc(C)c(-c2nc(CC(C)c3cccc(-c4ccco4)c3C)cs2)c(Cl)c1,SA_logP_target,smiles_lstm
Cc1oc(-c2ccoc2)cc1C(C)Nc1ccccc1-c1ccc(Cl)c(Cl)c1,SA_logP_target,smiles_lstm
Cc1ccsc1-c1sc2nc(-c3cccs3)c(-c3cccnc3)nc2c1C(Cl)Cl,SA_logP_target,smiles_lstm
Cc1ccc(-c2cc(-c3csc(C)n3)c(C)c(-c3cc(C)c(C)cc3C)c2)cc1,SA_logP_target,smiles_lstm
Cc1ccc(-c2cc(-c3cc(C)cc(C)c3C)ccc2C)c(-c2csc(C)n2)c1,SA_logP_target,smiles_lstm
Cc1ccc(-c2cc(-c3c(C)cccc3C)c(C)c(-c3csc(C)n3)c2C)cc1,SA_logP_target,smiles_lstm
Cc1ccc(-c2cc(-c3c(C)cc(C)cc3-c3ccc(C)nc3)sc2C)c(C)c1,SA_logP_target,smiles_lstm
Cc1cc(C)c(C)c(-c2ncc(-c3cc(-c4ccccc4C)cs3)c(C)c2C)c1,SA_logP_target,smiles_lstm
Cc1cc(C)c(-c2csc(-c3cc(-c4ccc(C)c(C)c4)ccc3C)n2)c(C)c1,SA_logP_target,smiles_lstm
Cc1cc(C)c(-c2cc(-c3ccc(-c4csc(C)n4)cc3)cc(C)c2C)c(C)c1,SA_logP_target,smiles_lstm
CC(c1cccs1)N(C)c1ccc(-c2ccccc2Cl)c(-c2ccsc2)c1,SA_logP_target,smiles_lstm
Cc1oc(-c2cccc(Cl)c2)c(-c2cccc(Cl)c2Cl)c1C(C)C,SA_logP_target,smiles_lstm
Cc1ccc(Cl)cc1-c1oc(-c2cccc(Cl)c2Cl)cc1C(C)C,SA_logP_target,smiles_lstm
Cc1cc(-c2csc(-c3cc(Cl)c(Cl)c(Cl)c3)n2)c(-c2ccccc2)o1,SA_logP_target,smiles_lstm
Cc1cc(-c2ccsc2)c(-c2cnc(C(C)C)s2)c(-c2cc(Cl)ccc2C)n1,SA_logP_target,smiles_lstm
Cc1cc(-c2ccc(C)s2)c(-c2csc(C(C)C)n2)c(-c2ccc(Cl)cc2)n1,SA_logP_target,smiles_lstm
Cc1cc(-c2sc(C(C)C)nc2-c2ccc(Cl)cc2)c(C)c(C(C)C)c1,SA_logP_target,smiles_lstm
Cc1cc(-c2ccc(-c3csc(C(C)C)n3)cc2Cl)cc(C(C)C)c1C,SA_logP_target,smiles_lstm
Cc1cc(-c2cccc(-c3csc(C(c4ccccc4)C4CC4)c3)c2)cs1,SA_logP_target,smiles_lstm
Cc1c(-c2ccsc2)cc(-c2ccccc2)cc1C(c1cccs1)C1CC1,SA_logP_target,smiles_lstm
Cc1cc(C)c(NC(C)c2scc(-c3cccs3)c2C(C)C)c(C)c1C,SA_logP_target,smiles_lstm
Cc1cc(C)c(NC(C)c2cc(-c3ccsc3)sc2C)c(C(C)C)c1C,SA_logP_target,smiles_lstm
Cc1cc(C)c(C(C)C)c(NC(C)c2cc(-c3ccsc3)sc2C)c1C,SA_logP_target,smiles_lstm
Cc1cc(C)n(-c2cc(-c3cc(-c4ccc(Cl)cc4)cc(C)c3C)ccc2C)c1,SA_logP_target,smiles_lstm
Cc1ccc(-c2c(Cc3ccoc3)cnc(-c3ccc(Cl)cc3-c3ccsc3)c2C)cn1,SA_logP_target,smiles_lstm
Cc1cc(C)c(NC(C)c2csc(-c3sccc3C)n2)c(-c2csc(C)c2)c1,SA_logP_target,smiles_lstm
Cc1ccoc1-c1cc(-c2scc(-c3c(C)sc(C)c3C)c2C)cs1,SA_logP_target,smiles_lstm
Cc1cc(-c2sc(-c3csc(-c4ccco4)c3C)c(C)c2C)c(C)s1,SA_logP_target,smiles_lstm
Cc1cc(-c2c(-c3ccco3)sc(C)c2-c2sc(C)c(C)c2C)cs1,SA_logP_target,smiles_lstm
Cc1csc(-c2ccc(-c3csc(C(C)C)c3C)cc2)c1C(C)C,SA_logP_target,smiles_lstm
Cc1cccc(-c2cc(-c3scc(C(C)C)c3C(C)C)c(C)s2)c1,SA_logP_target,smiles_lstm
Cc1ccc(-c2scc(-c3ccc(C(C)C)s3)c2C(C)C)c(C)c1,SA_logP_target,smiles_lstm
Cc1ccc(-c2csc(C(C)C)c2C)c(C(C)C)c1-c1cccs1,SA_logP_target,smiles_lstm
Cc1ccc(-c2csc(-c3csc(C(C)C)c3C)c2C(C)C)cc1,SA_logP_target,smiles_lstm
Cc1ccc(-c2csc(-c3csc(C(C)C)c3C(C)C)c2)c(C)c1,SA_logP_target,smiles_lstm
Cc1ccc(-c2csc(-c3csc(C(C)C)c3)c2C(C)C)c(C)c1,SA_logP_target,smiles_lstm
Cc1ccc(-c2ccsc2-c2csc(C(C)C)c2C(C)C)c(C)c1,SA_logP_target,smiles_lstm
Cc1ccc(-c2c(C(C)C)cc(-c3ccsc3)c(C(C)C)c2C)s1,SA_logP_target,smiles_lstm
Cc1cc(C)c(-c2csc(C(C)C)c2C(C)C)c(-c2ccsc2)c1,SA_logP_target,smiles_lstm
Cc1cc(-c2scc(-c3ccc(C(C)C)cc3)c2C(C)C)c(C)s1,SA_logP_target,smiles_lstm
Cc1cc(-c2cccc(-c3csc(C(C)C)c3C(C)C)c2)c(C)s1,SA_logP_target,smiles_lstm
Cc1c(C(C)C)cc(C(C)C)c(-c2csc(-c3ccsc3)c2)c1C,SA_logP_target,smiles_lstm
Cc1c(-c2csc(-c3ccsc3)c2)cc(C(C)C)c(C(C)C)c1C,SA_logP_target,smiles_lstm
Cc1ccc(-c2sc(-c3ccsc3)c(-c3csc(C(C)C)n3)c2C)cc1,SA_logP_target,smiles_lstm
Cc1ccc(-c2c(-c3ccsc3)sc(-c3csc(C(C)C)n3)c2C)cc1,SA_logP_target,smiles_lstm
Cc1cc(-c2csc(-c3cccc(-c4csc(C(C)C)n4)c3)c2)c(C)s1,SA_logP_target,smiles_lstm
Cc1cc(-c2csc(-c3ccc(C)c(C(C)C)c3)n2)c(-c2cccs2)s1,SA_logP_target,smiles_lstm
Cc1cc(-c2ccccc2)sc1-c1csc(-c2csc(C(C)C)n2)c1C,SA_logP_target,smiles_lstm
COc1cc(OC)c(NC(=O)Cn2c(=O)n(C)c(=O)c3ccccc32)cc1N,SA_osimertinib,smiles_lstm
COc1cc(OC)c(NC(=O)Cn2c(=O)c3ccccc3n(C)c2=O)cc1N,SA_osimertinib,smiles_lstm
COc1cc(OC)c(NC(=O)CN(C)C(=O)Cn2c(=O)n(C)c(=O)c3ccccc32)cc1N,SA_osimertinib,smiles_lstm
COc1cc(OC)c(NC(=O)Cn2c(=O)cnc3ccccc3c2=O)cc1N,SA_osimertinib,smiles_lstm
COc1cc(OC)c(NC(=O)COC(=O)Cn2c(=O)n(C)c(=O)c3ccccc32)cc1N,SA_osimertinib,smiles_lstm
COc1cc(OC)c(NC(=O)CN(C)C(=O)Cn2c(=O)oc(=O)c3ccccc32)cc1N,SA_osimertinib,smiles_lstm
COc1cc(OC)c(NC(=O)Cn2c(=O)c(=O)n(C)c(=O)c3ccccc32)cc1N,SA_osimertinib,smiles_lstm
COc1cc(OC)c(NC(=O)COC(=O)Cn2c(=O)oc(=O)c3ccccc32)cc1N,SA_osimertinib,smiles_lstm
COc1cc(OC)c(NC(=O)CN(C)C(=O)Cn2cnc3ccccc3c2=O)cc1N,SA_osimertinib,smiles_lstm
COc1cc(OC)c(NC(=O)CN2CCN(c3ncccn3)CC2)cc1N,SA_osimertinib,smiles_lstm
COc1cc(OC)c(NC(=O)Cn2c(=O)oc(=O)c3ccccc32)cc1N,SA_osimertinib,smiles_lstm
COc1cc(OC)c(NC(=O)Cn2c(N)nc3ccccc3c2=O)cc1N,SA_osimertinib,smiles_lstm
COc1cc(OC)c(NC(=O)Cn2cnc3ccccc3c(=O)c2=O)cc1N,SA_osimertinib,smiles_lstm
COc1cc(OC)c(NC(=O)CN(C)C(=O)Cn2c(=O)oc3ccccc32)cc1N,SA_osimertinib,smiles_lstm
COc1ccc(NC(=O)COC(=O)Cn2c(=O)cnc(=O)c3ccccc32)c(OC)c1N,SA_osimertinib,smiles_lstm
COc1cc(OC)c(NC(=O)CNC(=O)Cn2c(N)nc3ccccc3c2=O)cc1N,SA_osimertinib,smiles_lstm
COc1cc(OC)c(NC(=O)COC(=O)Cn2cnc3ccccc3c2=O)cc1N,SA_osimertinib,smiles_lstm
COc1cc(NC(=O)Cn2c(=O)oc(=O)c3ccccc32)c2nccnc2c1N,SA_osimertinib,smiles_lstm
COc1ccc(NC(=O)COn2c(=O)c3ccccc3n(C)c2=O)c(OC)c1N,SA_osimertinib,smiles_lstm
COc1ccc(NC(=O)CN(C)C(=O)Cn2c(N)nc3ccccc3c2=O)c(OC)c1,SA_osimertinib,smiles_lstm
COc1cc(NC(=O)CN(C)C(=O)Cn2c(=O)n(C)c(=O)c3ccccc32)c(OC)cc1N,SA_osimertinib,smiles_lstm
COc1ccc(NC(=O)Cn2c(=O)n(C)c(=O)c3ccccc32)c(OC)c1N,SA_osimertinib,smiles_lstm
COc1ccc(NC(=O)Cn2c(=O)c3ccccc3n(C)c2=O)c(OC)c1N,SA_osimertinib,smiles_lstm
COc1cc(NC(=O)Cn2c(=O)n(C)c(=O)c3ccccc32)c(OC)cc1N,SA_osimertinib,smiles_lstm
COc1cc(NC(=O)Cn2c(=O)n(C)c(=O)c3ccccc32)c(N)c(OC)c1,SA_osimertinib,smiles_lstm
COc1cc(NC(=O)Cn2c(=O)c3ccccc3n(C)c2=O)c(OC)cc1N,SA_osimertinib,smiles_lstm
COc1cc(OC)c(NC(=O)CNC(=O)Cn2cnc3ccccc3c2=O)cc1N,SA_osimertinib,smiles_lstm
COc1cc(NC(=O)Cn2c(=O)n(C)c(=O)c3ccccc32)c2nccnc2c1N,SA_osimertinib,smiles_lstm
COc1cc(OC)c(NC(=O)CN(C)Cc2nc3ncccc3c(=O)[nH]2)cc1N,SA_osimertinib,smiles_lstm
COc1ccc(NC(=O)Cn2c(N)nc3ccccc3c(=O)c2=O)c(OC)c1,SA_osimertinib,smiles_lstm
COc1ccc(NC(=O)Cn2c(=O)c(=O)nc(N)c3ccccc32)c(OC)c1,SA_osimertinib,smiles_lstm
COc1ccc(NC(=O)COC(=O)Cn2c(=O)n(C)c(=O)c3ccccc32)c(OC)c1N,SA_osimertinib,smiles_lstm
COc1ccc(NC(=O)CN(C)C(=O)Cn2c(=O)n(C)c(=O)c3ccccc32)c(OC)c1,SA_osimertinib,smiles_lstm
COc1cc(OC)c(NC(=O)CN(C)C(=O)Cn2c(=O)[nH]c(=O)c3ccccc32)cc1N,SA_osimertinib,smiles_lstm
COc1cc(NC(=O)COC(=O)Cn2c(=O)n(C)c(=O)c3ccccc32)c(OC)cc1N,SA_osimertinib,smiles_lstm
COc1cc(NC(=O)COC(=O)Cn2c(=O)c3ccccc3n(C)c2=O)c(OC)cc1N,SA_osimertinib,smiles_lstm
COc1cc(NC(=O)CN(C)C(=O)Cn2c(=O)oc(=O)c3ccccc32)c(OC)cc1N,SA_osimertinib,smiles_lstm
COc1cc(OC)c(NC(=O)Cn2c(=O)[nH]c(=O)c3ccccc32)cc1N,SA_osimertinib,smiles_lstm
COc1ccc(NC(=O)CN(C)C(=O)Cn2c(=O)n(C)c(=O)c3ccccc32)cc1N,SA_osimertinib,smiles_lstm
COc1ccc(NC(=O)CCn2c(=O)c(=O)n(C)c(=O)c3ccccc32)c(OC)c1N,SA_osimertinib,smiles_lstm
COc1ccc(N)cc1NC(=O)CN(C)C(=O)Cn1c(=O)n(C)c(=O)c2ccccc21,SA_osimertinib,smiles_lstm
COc1ccc(NC(=O)Cn2c(=O)n(C)c(=O)c3ccccc32)cc1N,SA_osimertinib,smiles_lstm
COc1ccc(NC(=O)Cn2c(=O)c3ccccc3n(C)c2=O)cc1N,SA_osimertinib,smiles_lstm
COc1ccc(N)cc1NC(=O)Cn1c(=O)n(C)c(=O)c2ccccc21,SA_osimertinib,smiles_lstm
COc1ccc(N)cc1NC(=O)Cn1c(=O)c2ccccc2n(C)c1=O,SA_osimertinib,smiles_lstm
COc1ccc(NC(=O)Cn2c(=O)c(=O)n(C)c3ccccc3c2=O)c(OC)c1N,SA_osimertinib,smiles_lstm
COc1ccc(NC(=O)Cn2c(=O)c(=O)n(C)c(=O)c3ccccc32)c(OC)c1N,SA_osimertinib,smiles_lstm
COc1ccc(NC(=O)Cn2c(=O)c(=O)c3ccccc3n(C)c2=O)c(OC)c1N,SA_osimertinib,smiles_lstm
COc1cc(NC(=O)Cn2c(=O)n(C)c(=O)c(=O)c3ccccc32)c(OC)cc1N,SA_osimertinib,smiles_lstm
COc1cc(NC(=O)Cn2c(=O)c(=O)n(C)c3ccccc3c2=O)c(OC)cc1N,SA_osimertinib,smiles_lstm
COc1cc(NC(=O)Cn2c(=O)c(=O)n(C)c(=O)c3ccccc32)c(OC)cc1N,SA_osimertinib,smiles_lstm
COc1cc(NC(=O)Cn2c(=O)c(=O)c3ccccc3n(C)c2=O)c(OC)cc1N,SA_osimertinib,smiles_lstm
COc1ccccc1Nc1nccc(N2CCCN(CC(N)=O)CC2)n1,SA_osimertinib,smiles_lstm
COc1ccc(NC(=O)COC(=O)Cn2c(N)nc3ccccc3c(=O)c2=O)c(OC)c1,SA_osimertinib,smiles_lstm
COc1cc(CN(C)CCO)cc(OC)c1NC(=O)Cn1c(=O)oc(=O)c2ccccc21,SA_osimertinib,smiles_lstm
COc1ccc(N)cc1NC(=O)Cn1c(N)nc(=O)c2ccccc21,SA_osimertinib,smiles_lstm
COc1ccc(NC(=O)COC(=O)Cn2c(=O)n(C)c(=O)c3ccccc32)c(OC)c1,SA_osimertinib,smiles_lstm
COc1ccc(NC(=O)COC(=O)Cn2c(=O)c3ccccc3n(C)c2=O)c(OC)c1,SA_osimertinib,smiles_lstm
COc1cc(OC)c(NC(=O)COn2nnc3ccccc3c2=O)cc1N,SA_osimertinib,smiles_lstm
COc1cc(NC(=O)COC(=O)Cn2c(N)nc3ccccc3c2=O)c(OC)cc1N,SA_osimertinib,smiles_lstm
COc1cc(NC(=O)COC(=O)Cn2c(=O)oc(=O)c3ccccc32)c(OC)cc1N,SA_osimertinib,smiles_lstm
COC(=O)COc1cc(NC(=O)Cn2c(N)nc3ccccc3c2=O)c(OC)cc1N,SA_osimertinib,smiles_lstm
COc1ccc(NC(=O)COC(=O)Cn2c(N)nc3ccccc3c2=O)c(OC)c1,SA_osimertinib,smiles_lstm
COc1ccc(NC(=O)CN(C)C(=O)Cn2c(=O)c(=O)n(C)c(=O)c3ccccc32)c(OC)c1,SA_osimertinib,smiles_lstm
COc1cc(NC(=O)COC(=O)Cn2c(=O)c(=O)n(C)c(=O)c3ccccc32)c(OC)cc1N,SA_osimertinib,smiles_lstm
COc1ccc(NC(=O)COC(=O)Cn2c(=O)n(C)c(=O)c3ccccc32)cc1N,SA_osimertinib,smiles_lstm
COc1ccc(NC(=O)CN(C)C(=O)Cn2c(N)nc3ccccc3c2=O)cc1N,SA_osimertinib,smiles_lstm
COc1ccc(N)cc1NC(=O)COC(=O)Cn1c(=O)n(C)c(=O)c2ccccc21,SA_osimertinib,smiles_lstm
COc1ccc(N)cc1NC(=O)COC(=O)Cn1c(=O)c2ccccc2n(C)c1=O,SA_osimertinib,smiles_lstm
COc1ccc(N)cc1NC(=O)CN(C)C(=O)Cn1c(N)nc2ccccc2c1=O,SA_osimertinib,smiles_lstm
COc1ccc(N)cc1NC(=O)Cn1c(=O)cnc2ccccc2c1=O,SA_osimertinib,smiles_lstm
COc1cc(OC)c(NC(=O)Cn2nnc3ccccc3c2=O)cc1N,SA_osimertinib,smiles_lstm
COc1cc(OC)c(NC(=O)Cn2nnc(=O)c3ccccc32)cc1N,SA_osimertinib,smiles_lstm
COc1ccc(OC)c(NC(=O)CN(C)C(=O)Cn2c(N)nc3ccccc3c2=O)c1,SA_osimertinib,smiles_lstm
COc1ccc(N)cc1NC(=O)CN(C)C(=O)Cn1c(=O)c(=O)n(C)c(=O)c2ccccc21,SA_osimertinib,smiles_lstm
COc1ccc(NC(=O)Cn2c(=O)c(=O)oc(=O)c3ccccc32)c(OC)c1N,SA_osimertinib,smiles_lstm
COc1ccc(NC(=O)Cn2c(=O)c(=O)n(C)c3ccccc3c2=O)c(OC)c1,SA_osimertinib,smiles_lstm
COc1ccc(NC(=O)Cn2c(=O)c(=O)n(C)c(=O)c3ccccc32)c(OC)c1,SA_osimertinib,smiles_lstm
COc1ccc(NC(=O)Cn2c(=O)c(=O)c3ccccc3n(C)c2=O)c(OC)c1,SA_osimertinib,smiles_lstm
COc1ccc(NC(=O)COn2c(=O)n(C)c(=O)c3ccccc32)c(OC)c1N,SA_osimertinib,smiles_lstm
COc1ccc(N)cc1NC(=O)CCn1c(=O)c(=O)n(C)c(=O)c2ccccc21,SA_osimertinib,smiles_lstm
COc1cc(NC(=O)Cn2c(N)nc3ccccc3c(=O)c2=O)c(OC)cc1N,SA_osimertinib,smiles_lstm
COc1cc(NC(=O)COn2c(=O)n(C)c(=O)c3ccccc32)c(OC)cc1N,SA_osimertinib,smiles_lstm
COc1cc(NC(=O)Cn2c(=O)c(=O)c(=O)c3ccccc3n(C)c2=O)c(OC)cc1N,SA_osimertinib,smiles_lstm
COc1ccc(OC)c(NC(=O)Cn2c(=O)n(C)c(=O)c3ccccc32)c1N,SA_osimertinib,smiles_lstm
COc1ccc(OC)c(NC(=O)Cn2c(=O)c3ccccc3n(C)c2=O)c1N,SA_osimertinib,smiles_lstm
COc1ccc(NC(=O)Cn2c(=O)c(=O)n(C)c3ccccc3c2=O)cc1N,SA_osimertinib,smiles_lstm
COc1ccc(NC(=O)Cn2c(=O)c(=O)n(C)c(=O)c3ccccc32)cc1N,SA_osimertinib,smiles_lstm
COc1ccc(NC(=O)Cn2c(=O)c(=O)c3ccccc3n(C)c2=O)cc1N,SA_osimertinib,smiles_lstm
COc1ccc(N)cc1NC(=O)Cn1c(=O)c(=O)n(C)c2ccccc2c1=O,SA_osimertinib,smiles_lstm
COc1ccc(N)cc1NC(=O)Cn1c(=O)c(=O)n(C)c(=O)c2ccccc21,SA_osimertinib,smiles_lstm
COc1cc(OC)c(NC(=O)Cn2c(=O)c(=O)n(C)c3ccccc32)cc1N,SA_osimertinib,smiles_lstm
COc1cc(NC(=O)Cn2c(=O)n(C)c(=O)c3ccccc32)cc(OC)c1N,SA_osimertinib,smiles_lstm
COc1cc(NC(=O)Cn2c(=O)c3ccccc3n(C)c2=O)cc(OC)c1N,SA_osimertinib,smiles_lstm
COc1cc(N)c(NC(=O)Cn2c(=O)n(C)c(=O)c3ccccc32)c(OC)c1,SA_osimertinib,smiles_lstm
CN(C)c1ccccc1NC(=O)Cn1c(N)nc2ncccc2c1=O,SA_osimertinib,smiles_lstm
COc1ccc(NC(=O)CN(C)Cn2c(=O)oc3cccnc32)cc1N,SA_osimertinib,smiles_lstm
COc1ccccc1NC(=O)CN1CCN(c2ncnc3oncc3c2=O)CC1,SA_osimertinib,smiles_lstm
COc1ccc(NC(=O)CNC(=O)Cn2c(N)nc3ccccc3c2=O)c(OC)c1,SA_osimertinib,smiles_lstm
COc1ccc(NC(=O)Cn2c(=O)oc(=O)c3ccccc32)c(OC)c1N,SA_osimertinib,smiles_lstm
NC(=O)CC1CCN(C(=O)CC(O)C(O)(c2ccccc2)c2ccccc2)CC1,SA_fexofenadine,smiles_lstm
NC(=O)CC1CCN(C(=O)CCC(O)(c2ccccc2)c2ccc(O)cc2)CC1,SA_fexofenadine,smiles_lstm
NC(=O)CC1CCN(C(=O)CCC(O)(c2ccccc2)c2cccc(O)c2)CC1,SA_fexofenadine,smiles_lstm
NC(=O)C1CCCN(C(=O)CCC(O)(c2ccccc2)c2cccc(O)c2)CC1,SA_fexofenadine,smiles_lstm
NC(=O)C1CCCN(C(=O)CCCC(O)(c2ccccc2)c2cccc(O)c2)CC1,SA_fexofenadine,smiles_lstm
NC(=O)C1CCN(C(=O)CCCC(O)(c2ccccc2)c2cccc(O)c2)CC1,SA_fexofenadine,smiles_lstm
NC(=O)CC1CCN(C(=O)CCCC(O)(c2ccccc2)c2ccc(O)cc2)CC1,SA_fexofenadine,smiles_lstm
NC(=O)CC1CCCN(C(=O)CC(O)(c2ccccc2)c2cccc(CO)c2)CC1,SA_fexofenadine,smiles_lstm
NC(=O)NCC1CCCCN(C(=O)CC(O)(c2ccccc2)c2ccccc2)CC1,SA_fexofenadine,smiles_lstm
NC(=O)C1CCN(C(=O)CCC(O)(c2ccccc2)c2cccc(O)c2)CC1,SA_fexofenadine,smiles_lstm
NC(=O)C1CCCN(C(=O)CCC(O)(c2ccccc2)c2cccc(N)c2)CC1,SA_fexofenadine,smiles_lstm
NC(=O)CC1CCN(C(=O)NCC(O)(c2ccccc2)c2ccccc2)CC1,SA_fexofenadine,smiles_lstm
NC(=O)CC1CCN(C(=O)CCC(O)(c2ccccc2)c2ccccc2)NC1,SA_fexofenadine,smiles_lstm
NC(=O)CC1CCN(C(=O)CCC(C(=O)c2ccc(O)cc2)c2ccccc2)CC1,SA_fexofenadine,smiles_lstm
NC(=O)NCC1CCCN(C(=O)CC(O)(c2ccccc2)c2ccccc2)CC1,SA_fexofenadine,smiles_lstm
NC(=O)CC1CCCN(C(=O)CC(O)(c2ccccc2)c2cccc(O)c2)CC1,SA_fexofenadine,smiles_lstm
NC(=O)CCC1CCN(C(=O)NCC(O)(c2ccccc2)c2ccccc2)CC1,SA_fexofenadine,smiles_lstm
NC(=O)CN1CCN(C(=O)CCC(O)(c2ccccc2)c2ccccc2)CC1,SA_fexofenadine,smiles_lstm
NC(=O)COCC1CCCN(C(=O)CC(O)(c2ccccc2)c2ccccc2)CC1,SA_fexofenadine,smiles_lstm
NC(=O)CC1CCN(C(=O)CCC(O)(c2ccccc2)c2ccc(O)cc2)NC1,SA_fexofenadine,smiles_lstm
NC(=O)COCCN1CCN(C(=O)C(O)(c2ccccc2)c2ccccc2)CC1,SA_fexofenadine,smiles_lstm
NC(=O)CCC1CCCN(C(=O)CC(O)(c2ccccc2)c2ccccc2)NC1,SA_fexofenadine,smiles_lstm
NC(CO)(c1ccccc1)c1ccccc1C(=O)N1CCCC(CO)CC1,SA_fexofenadine,smiles_lstm
NC(=O)CC1CCN(C(=O)CCCC(O)(c2ccccc2)c2ccncc2)CC1,SA_fexofenadine,smiles_lstm
NC(=O)CC1CCN(C(=O)CCCC(O)(C(=O)c2ccccc2)c2ccccc2)CC1,SA_fexofenadine,smiles_lstm
NC(=O)CC1CCN(C(=O)CCC(O)(Nc2ccccc2)c2ccccc2)CC1,SA_fexofenadine,smiles_lstm
NC(=O)CCCN1CCN(C(=O)C(O)(c2ccccc2)c2ccccc2)CC1,SA_fexofenadine,smiles_lstm
NC(=O)CC1CCN(C(=O)NCC(O)(c2ccccc2)c2ccc(O)cc2)CC1,SA_fexofenadine,smiles_lstm
NC(=O)C1CCCN(C(=O)CCC(O)(c2ccccc2)c2ccccc2)NC1,SA_fexofenadine,smiles_lstm
NC(=O)CC1CCCN(C(=O)NCC(O)(C(=O)c2ccccc2)c2ccccc2)CC1,SA_fexofenadine,smiles_lstm
NC(=O)CC1CCN(C(=O)NCC(O)(C(=O)c2ccc(O)cc2)c2ccccc2)CC1,SA_fexofenadine,smiles_lstm
NC(=O)C1CCCN(C(=O)CCCC(O)(c2ccccc2)c2cccnc2)CC1,SA_fexofenadine,smiles_lstm
NC(=O)CC1CCCN(C(=O)CC(O)(c2ccccc2)c2ccc(O)cc2)CC1,SA_fexofenadine,smiles_lstm
NC(=O)CC1CCN(C(=O)CCC(C(=O)c2ccccc2)c2cccc(O)c2)CC1,SA_fexofenadine,smiles_lstm
NC(=O)C1CCCN(C(=O)NCC(O)(c2ccccc2)c2ccccc2O)CC1,SA_fexofenadine,smiles_lstm
NC(=O)C1CCCN(C(=O)CCCC(O)(c2ccccc2)c2ccccc2)NC1,SA_fexofenadine,smiles_lstm
NC(=O)C1CCCN(C(=O)CCC(O)(c2ccccc2)c2ccc(O)cc2)NC1,SA_fexofenadine,smiles_lstm
NC(=O)C1CCCN(C(=O)NCC(O)(c2ccccc2)c2ccccc2)CC1,SA_fexofenadine,smiles_lstm
NC(=O)CC1CCN(C(=O)CCCC(O)(c2ccccc2)c2ccccc2)NC1,SA_fexofenadine,smiles_lstm
NC(=O)C1CCCN(C(=O)CNCC(O)(c2ccccc2)c2ccccc2)CC1,SA_fexofenadine,smiles_lstm
NC(=O)CC1CCN(C(=O)CCC(O)(c2ccccc2)c2c(N)cccc2F)CC1,SA_fexofenadine,smiles_lstm
NC(=O)C1CCCN(C(=O)NCC(O)(c2ccccc2)c2ccc(O)cc2)CC1,SA_fexofenadine,smiles_lstm
NC(=O)CC1CCN(CC(=O)C(O)(c2ccccc2)c2ccc(O)cc2)CC1,SA_fexofenadine,smiles_lstm
NC(=O)CC1CCN(C(=O)CC(c2cccc(O)c2)C(CO)c2ccccc2)CC1,SA_fexofenadine,smiles_lstm
NC(=O)CC1CCN(C(=O)CCC(O)(c2ccccc2)c2ccco2)CC1,SA_fexofenadine,smiles_lstm
NC(=O)CN1CCCC(NC(=O)CC(O)(c2ccccc2)c2ccccc2)CC1,SA_fexofenadine,smiles_lstm
NC(=O)C1CCN(C(=O)CCCC(O)(c2ccccc2)c2cccnc2)CC1,SA_fexofenadine,smiles_lstm
NC(=O)CC1CCN(C(=O)CC(O)(c2ccccc2)c2ccccc2O)CC1,SA_fexofenadine,smiles_lstm
NC(=O)C1CCCN(C(=O)CCC(C(=O)c2ccccc2)c2cccc(O)c2)CC1,SA_fexofenadine,smiles_lstm
NC(=O)CC1CCCN(C(=O)CC(O)(c2ccccc2)c2cccc(N)c2)CC1,SA_fexofenadine,smiles_lstm
NC(=O)CC1CCCN(C(=O)C(O)(c2ccccc2)c2ccc(O)cc2)CC1,SA_fexofenadine,smiles_lstm
NC(=O)C1CCCN(C(=O)CCC(O)(c2ccccc2)c2cccc(O)c2)NC1,SA_fexofenadine,smiles_lstm
NC(=O)NCC1CCCCN(C(=O)CC(O)(c2ccccc2)c2ccccc2O)C1,SA_fexofenadine,smiles_lstm
NC(=O)CC1CCN(C(=O)NCC(O)(c2ccccc2)c2cccc(O)c2)CC1,SA_fexofenadine,smiles_lstm
NC(=O)C1CCN(C(=O)CCCC(O)(c2ccccc2)c2ccccc2)NC1,SA_fexofenadine,smiles_lstm
NC(=O)CC1CCCN(C(=O)CCC(O)(c2ccccc2)c2ccccc2)CC1,SA_fexofenadine,smiles_lstm
NC(=O)C1CCCN(C(=O)c2ccccc2CC(O)(c2ccccc2)C2CCCC2)CN1,SA_fexofenadine,smiles_lstm
NS(=O)(=O)CC1CCCN(C(=O)CC(O)(c2ccccc2)c2ccccc2)CC1,SA_fexofenadine,smiles_lstm
NC(=O)C1CCCN(C(=O)NCCC(O)(c2ccccc2)c2ccccc2)CC1,SA_fexofenadine,smiles_lstm
NC(=O)CC1CCN(C(=O)CC(O)(c2ccccc2)c2cccc3ccoc23)CC1,SA_fexofenadine,smiles_lstm
NC(=O)CC1CCN(C(=O)NCCC(O)(c2ccccc2)c2ccccc2)CC1,SA_fexofenadine,smiles_lstm
NC(=O)CC1CCN(C(=O)CCC(O)(c2ccccc2)c2ccccc2)CC1,SA_fexofenadine,smiles_lstm
NC(=O)CC1CCCN(C(=O)CC(O)(c2ccccc2)c2ccccc2)NC1,SA_fexofenadine,smiles_lstm
NC(=O)CC1CCCCN(C(=O)CC(O)(c2ccccc2)c2cccnc2)CC1,SA_fexofenadine,smiles_lstm
NC(=O)C1CCCN(C(=O)CCCC(O)(c2ccccc2)c2ccc(O)cc2)NC1,SA_fexofenadine,smiles_lstm
NC(=O)CC1CCN(C(=O)CCC(CO)c2cccc(-c3ccccc3O)c2)CC1,SA_fexofenadine,smiles_lstm
NC(=O)CC1CCCN(C(=O)CC(C(=O)c2ccc(O)cc2)c2ccccc2)CC1,SA_fexofenadine,smiles_lstm
NC(=O)CC1CCCN(C(=O)CC(C(=O)c2ccccc2)c2cccc(O)c2)CC1,SA_fexofenadine,smiles_lstm
NC(=O)CC1CCN(C(=O)CC(O)(C(=O)c2ccc(O)cc2)c2ccccc2)CC1,SA_fexofenadine,smiles_lstm
NC(=O)C1CCN(C(=O)CCC(O)(c2ccccc2)c2ccccc2)NC1,SA_fexofenadine,smiles_lstm
NC(=O)C1CCCN(C(=O)CC(O)(c2ccccc2)c2cccc(O)c2)CC1,SA_fexofenadine,smiles_lstm
NC(=O)C1CCN(C(=O)CCCC(O)(c2ccccc2)c2cccc(O)c2)NC1,SA_fexofenadine,smiles_lstm
NC(=O)CC1CCCN(C(=O)CC(C(=O)c2ccccc2)c2ccc(O)cc2)CC1,SA_fexofenadine,smiles_lstm
NC(=O)CC1CCCN(C(=O)CC(c2cccc(N)c2)c2ccccc2O)CC1,SA_fexofenadine,smiles_lstm
NC(=O)CN1CCN(C(=O)NCC(O)(c2ccccc2)c2ccccc2)CC1,SA_fexofenadine,smiles_lstm
NC(=O)NC1CCCN(C(=O)CC(O)(c2ccccc2)c2ccccc2)CC1,SA_fexofenadine,smiles_lstm
NC(=O)CC1CCN(C(=O)CCCC(O)(c2ccccc2)c2ccc(O)cc2)NC1,SA_fexofenadine,smiles_lstm
NC(=O)C1CCCN(C(=O)CC(O)(C(=O)c2ccccc2)c2ccccc2)CC1,SA_fexofenadine,smiles_lstm
NC(=O)NC1CCCN(C(=O)CC(O)(c2ccccc2)c2cccc(O)c2)CC1,SA_fexofenadine,smiles_lstm
NC(=O)CC1CCN(C(=O)CC(O)(c2ccccc2)c2cccc(O)c2)CC1,SA_fexofenadine,smiles_lstm
NC(=O)CCC1CCCN(C(=O)CCC(O)(c2ccccc2)c2ccccc2)CC1,SA_fexofenadine,smiles_lstm
NC(=O)CC1CCN(C(=O)CCCC(O)(c2ccccc2)c2ccco2)CC1,SA_fexofenadine,smiles_lstm
NC(=O)COCCN1CCN(C(=O)CC(O)(c2ccccc2)c2ccccc2)CC1,SA_fexofenadine,smiles_lstm
NC(=O)NCC1CCCN(C(=O)CC(Cc2ccccc2)c2cccc(O)c2)CC1,SA_fexofenadine,smiles_lstm
NC(=O)CC(CCNC(=O)C(O)(c1ccccc1)c1ccccc1)N1CCCCC1,SA_fexofenadine,smiles_lstm
NC(=O)CC1CCN(C(=O)CC(O)(Cc2ccccc2)c2ccc(O)cc2)CC1,SA_fexofenadine,smiles_lstm
NC(=O)NCC1CCCCN(C(=O)Cc2ccccc2-c2ccccc2O)CC1,SA_fexofenadine,smiles_lstm
NC(=O)CC1CCN(C(=O)CC(C(=O)c2ccccc2)C(O)c2ccccc2)CC1,SA_fexofenadine,smiles_lstm
NC(=O)CC1CCN(C(=O)CNC(c2ccccc2)c2ccc(O)cc2)CC1,SA_fexofenadine,smiles_lstm
NC(=O)C1CCCN(CC(=O)NCC(O)(c2ccccc2)c2cccc(O)c2)CC1,SA_fexofenadine,smiles_lstm
NC(=O)C1CCCN(C(=O)CC(O)(c2ccccc2)c2ccc(O)cc2)CC1,SA_fexofenadine,smiles_lstm
NC(=O)CC1CCN(C(=O)NCCC(O)(c2ccccc2)c2cccc(O)c2)CC1,SA_fexofenadine,smiles_lstm
NC(=O)C1CCCN(C(=O)CCC(O)(c2ccccc2)c2ccccc2)CC1,SA_fexofenadine,smiles_lstm
NC(=O)CC1CCN(C(=O)CC(O)(c2ccccc2)c2ccc(O)cc2)CC1,SA_fexofenadine,smiles_lstm
NC(=O)CC(O)(c1ccccc1)c1ccccc1C(=O)N1CCC(O)CC1,SA_fexofenadine,smiles_lstm
NC(=O)COC1CCN(C(=O)CC(O)(c2ccccc2)c2ccccc2)CC1,SA_fexofenadine,smiles_lstm
NC(=O)CC1CCN(C(=O)NCC(O)(c2ccccc2)c2ccccn2)CC1,SA_fexofenadine,smiles_lstm
NC(=O)CN1CCC(NC(=O)CC(O)(c2ccccc2)c2cccc(O)c2)CC1,SA_fexofenadine,smiles_lstm
NC(=O)CC1CCN(C(=O)C(O)(c2ccccc2)c2cncc(-c3ccccc3)c2)CC1,SA_fexofenadine,smiles_lstm
NC(=O)CC1CCN(C(=O)C(O)(c2ccccc2)c2cccc(O)c2)CC1,SA_fexofenadine,smiles_lstm
CCCCCCC(C)NC(=O)Nc1cc(Oc2ccc(NC(=O)C3CCCCC3)[nH]2)ccc1F,SA_Ranolazine,smiles_lstm
CCCCCC(=O)Nc1cccc(NC(=O)Nc2ccc(Oc3ccc(C4CCCCC4)o3)cc2F)c1C,SA_Ranolazine,smiles_lstm
CCc1onc(C)c1NC(=O)Nc1ccc(Oc2cc(C3CCCCCC3)oc2C)c(F)c1,SA_Ranolazine,smiles_lstm
CCc1onc(C)c1NC(=O)Nc1ccc(Oc2ccc(C3CCCCCC3)o2)cc1F,SA_Ranolazine,smiles_lstm
CCCCCC(=O)Nc1oc(-c2c(F)cccc2OC)cc1-c1ccc(NC(=O)NC2CC2)c(C)c1,SA_Ranolazine,smiles_lstm
CCCCCCCC(=O)Nc1cc(NC(=O)Nc2cc(C3CCCCCC3)on2)ccc1F,SA_Ranolazine,smiles_lstm
CCCCC(=O)Nc1cc(NC(=O)Nc2cccc(Oc3ccc(C4CCCCC4)o3)c2)ccc1F,SA_Ranolazine,smiles_lstm
Cc1oc(C2CCCCC2)nc1CC(=O)Nc1ccc(Oc2cc(C3CCCCC3)on2)cc1F,SA_Ranolazine,smiles_lstm
CCCCCCCCC(=O)Nc1ccc(F)cc1NC(=O)Nc1ccc(NC(=O)C2CCCC2)o1,SA_Ranolazine,smiles_lstm
CCCCCCCC(=O)Nc1cc(NC(=O)Nc2cc(C3CCCCC3)on2)ccc1F,SA_Ranolazine,smiles_lstm
CCNc1cc(C2CCCCCC2)nc(Nc2ccc(NC(=O)Nc3ccco3)cc2)c1F,SA_Ranolazine,smiles_lstm
CCCCCCC(=O)Nc1cc(NC(=O)Nc2cc(C3CCCCCC3)on2)ccc1F,SA_Ranolazine,smiles_lstm
CCCCCC(=O)Nc1cc(Oc2cc(-c3noc(C4CCCC4)n3)c(C)o2)ccc1F,SA_Ranolazine,smiles_lstm
CCCCCCC(=O)Nc1cccc(NC(=O)Nc2c(C3CCCCC3)oc3ccc(F)cc23)c1C,SA_Ranolazine,smiles_lstm
Cc1cc(Nc2nc(CCCCCCC(=O)Nc3ccc(C(C)C)o3)oc2C2CC2)ccc1F,SA_Ranolazine,smiles_lstm
Cc1oc(CC2CCCCC2)nc1-c1cc(NC(=O)Nc2cc(C3CCCCCC3)on2)ccc1F,SA_Ranolazine,smiles_lstm
Cc1cc(NC(=O)CCCCCCC#N)ccc1Nc1ccc(F)c(NC(=O)Nc2ccco2)c1C,SA_Ranolazine,smiles_lstm
Cc1oc(C2CCCCC2)nc1-c1coc(NC(=O)Nc2cc(F)cc(OCCCC#N)c2)c1C,SA_Ranolazine,smiles_lstm
Cc1c(NC(=O)CCCCCCCCC#N)cccc1NC(=O)Nc1ccc(F)cc1,SA_Ranolazine,smiles_lstm
CCCCCCC(=O)Nc1cc(NC(=O)Nc2ccc(NC(=O)CCCCC)cc2)ccc1F,SA_Ranolazine,smiles_lstm
Cc1occc1-c1oc(C2CCCCCC2)nc1-c1coc(NC(=O)Nc2ccccc2F)c1,SA_Ranolazine,smiles_lstm
CCc1onc(C)c1NC(=O)Nc1ccc(Oc2coc(C3CCCCC3)c2)cc1F,SA_Ranolazine,smiles_lstm
CCc1onc(C)c1NC(=O)Nc1ccc(Oc2cc(C3CCCCCC3)on2)cc1F,SA_Ranolazine,smiles_lstm
CCCCCCC(=O)Nc1cc(NC(=O)Nc2ccc(Oc3csc(C4CC4)n3)cc2)ccc1F,SA_Ranolazine,smiles_lstm
CCCCCCC(=O)Nc1cccc(NC(=O)Nc2cc(F)cc(NC(=O)NC3CC3)c2C2CC2)c1C,SA_Ranolazine,smiles_lstm
Cc1ccc(NC(=O)Nc2ccc(Oc3ccc(NC(=O)NC4CCCC4)c(C)c3C)o2)cc1F,SA_Ranolazine,smiles_lstm
N#CCCc1cc(NC(=O)Nc2ccc(Oc3cc(C4CCCCC4)on3)cc2)ccc1F,SA_Ranolazine,smiles_lstm
Cc1oc(-c2ccoc2C2CCCCC2)cc1NC(=O)Nc1ccc(NC(=O)NC2CC2)cc1F,SA_Ranolazine,smiles_lstm
Cc1occc1-c1oc(C2CCCCC2)nc1-c1coc(NC(=O)Nc2ccc(F)cc2)c1C,SA_Ranolazine,smiles_lstm
Cc1ccc(F)cc1NC(=O)Nc1cc(CCCCCCC#N)oc1-c1ccco1,SA_Ranolazine,smiles_lstm
CCCCCCCC(=O)Nc1ccc(Oc2cc(NC(=O)Nc3ccc(C)o3)ccc2F)cc1,SA_Ranolazine,smiles_lstm
Cc1occc1-c1oc(C2CCCCC2)nc1-c1cocc1NC(=O)Nc1ccccc1F,SA_Ranolazine,smiles_lstm
Cc1c(NC(=O)Nc2ccc(Oc3c(C4CCCCC4)o[nH]c3=O)cc2F)oc2ccccc12,SA_Ranolazine,smiles_lstm
CCCCCCC(=O)Nc1cc(NC(=O)Nc2c(C)oc(C3CCC3)c2C2CC2)ccc1F,SA_Ranolazine,smiles_lstm
CCCCCCC(=O)Nc1cc(NC(=O)Nc2ccc(C3CCCCCC3)o2)ccc1F,SA_Ranolazine,smiles_lstm
Cc1nc(C2CCCCCC2)oc1NC(=O)Nc1ccc(Oc2ccc(C#N)cc2)cc1F,SA_Ranolazine,smiles_lstm
CC(C)c1occc1NC(=O)CCCCC(=O)Nc1ccc(Oc2ccc(F)cc2)c(C2CC2)c1,SA_Ranolazine,smiles_lstm
N#CCCCCCOc1cc(NC(=O)c2oc(C3CCCCC3)nc2C2CC2)ccc1F,SA_Ranolazine,smiles_lstm
CCCCCCCCC(=O)Nc1cc(Nc2ccc(F)c(NC(=O)c3ccoc3)c2)c(C)cc1C,SA_Ranolazine,smiles_lstm
Cc1coc(C)c1C(=O)Nc1cc(NC(=O)Nc2c(C3CCCCC3)oc3ccccc23)ccc1F,SA_Ranolazine,smiles_lstm
Fc1cc(NCc2nc(-c3ccco3)oc2C2CCCCC2)ccc1-c1nnc(C2CCC2)o1,SA_Ranolazine,smiles_lstm
CCCCCCCC(=O)Nc1cccc(NC(=O)Nc2ccc(F)c(Nc3ncccn3)c2)c1C,SA_Ranolazine,smiles_lstm
CC(C)CCCCC(=O)Nc1cc(-c2ccc(NC(=O)Nc3ccc(OC4CC4)o3)cc2)ccc1F,SA_Ranolazine,smiles_lstm
Cc1oc(C2CCCCC2)nc1CC(=O)Nc1ccc(-c2noc(C3CCCCC3)n2)cc1F,SA_Ranolazine,smiles_lstm
Cc1cc(F)cc(NC(=O)Nc2cc(C3CCCCCC3)[nH]n2)c1-c1nc(C2CCCC2)oc1C,SA_Ranolazine,smiles_lstm
Cc1ccoc1CNc1c(NC(=O)Nc2ccc(F)cc2)oc2cccc(OCCCCCC#N)c12,SA_Ranolazine,smiles_lstm
CC(=O)Nc1cc(NC(=O)Nc2ccc(Oc3cc(C4CCCCCC4)on3)cc2)ccc1F,SA_Ranolazine,smiles_lstm
CCCCCCC(=O)Nc1ccc(F)cc1NC(=O)Nc1c(C2CCCCC2)oc2ccccc12,SA_Ranolazine,smiles_lstm
CCCCCCC(=O)Nc1ccc(F)c(NC(=O)Nc2cc(-c3noc(C4CCCC4)n3)[nH]c2C)c1,SA_Ranolazine,smiles_lstm
CCCCCCCCC(=O)Nc1cc(Nc2cc(NC(=O)NC(C)C)ccc2F)ccc1C,SA_Ranolazine,smiles_lstm
Cc1cccc(NC(=O)NCCCCCCCCCCOC(=O)Nc2cc(C3CCC3)oc2C)c1,SA_Ranolazine,smiles_lstm
CCCCCCC(=O)Nc1ccc(NC(=O)Nc2cc(OC)ccc2F)cc1-c1ccco1,SA_Ranolazine,smiles_lstm
Cc1oc(C2CCCCC2)cc1Oc1ccc(NC(=O)CCCCCN(C)C(=O)c2ccoc2C)o1,SA_Ranolazine,smiles_lstm
Cc1cccc(C)c1NC(=O)CCCCCC(=O)Nc1cc(-c2coc(C3CCCCC3)n2)c(C)o1,SA_Ranolazine,smiles_lstm
Cc1c(NC(=O)Nc2cc(C3CCCCC3)on2)cccc1NC(=O)Nc1c(F)cccc1CCC#N,SA_Ranolazine,smiles_lstm
Cc1oc(C2CCCCC2)nc1-c1coc(NC(=O)Nc2ccc(F)c(NC(=O)NC3CC3)c2)c1C,SA_Ranolazine,smiles_lstm
CCCCCCC(=O)Nc1cc(NC(=O)Nc2cc(C3CCCCC3)on2)ccc1F,SA_Ranolazine,smiles_lstm
Cc1cc(NC(=O)Nc2ccc(Oc3coc(C4CCCCC4)c3C#N)cc2)ccc1F,SA_Ranolazine,smiles_lstm
Cc1ccc(Oc2ccc(-c3coc(C4CCCCC4)n3)cc2F)cc1NC(=O)Nc1c(C)noc1C,SA_Ranolazine,smiles_lstm
CCCCCCCC(=O)Nc1cc(NC(=O)Nc2cccc(OCCC3CC3)c2)ccc1F,SA_Ranolazine,smiles_lstm
Cc1ccc(NCC2CCCCC2)cc1NC(=O)Nc1cc(NC(=O)CC(C)C)ccc1F,SA_Ranolazine,smiles_lstm
Cc1ccc(CNc2cccc(NC(=O)CC3CCCCC3)c2NC(=O)Nc2cccc(F)c2)cc1,SA_Ranolazine,smiles_lstm
Cc1nc(C2CCCCC2)oc1-c1coc(NC(=O)Nc2ccc(Oc3ccc(F)cc3)cc2)c1C,SA_Ranolazine,smiles_lstm
CCCCCCC(=O)Nc1ccc(Oc2ccc(C#N)cc2F)cc1NC(=O)Nc1ccccc1,SA_Ranolazine,smiles_lstm
Cc1cc(C2CCCCC2)oc1NC(=O)Nc1cc(NC(=O)Nc2cccc(C)c2C)ccc1F,SA_Ranolazine,smiles_lstm
N#CCCCOc1cccc(NC(=O)Nc2c(C3CCCC3)oc3ccc(F)cc23)c1,SA_Ranolazine,smiles_lstm
Cc1cc(NC(=O)Nc2ccc(F)c(NC(=O)NC3CCCCC3)c2)ccc1Oc1ccco1,SA_Ranolazine,smiles_lstm
Cc1oc(C2CC2)nc1-c1ccc(NC(=O)Nc2ccc(NC(=O)C3CCCCC3)cc2)cc1F,SA_Ranolazine,smiles_lstm
Cc1oc(C2CCCCC2)nc1-c1coc(NC(=O)Nc2ccc(F)cc2Oc2ccccc2)c1C,SA_Ranolazine,smiles_lstm
CCCCCCNC(=O)Nc1cc(NC(=O)Nc2ccc(Oc3ccoc3C)cc2)ccc1F,SA_Ranolazine,smiles_lstm
N#CCCCOc1ccc(NC(=O)Nc2cccc(F)c2-c2cc(NC3CC3)oc2C2CC2)cc1,SA_Ranolazine,smiles_lstm
CCCCCC(=O)Nc1ccc(-c2cc(NC(=O)Nc3c(C)cccc3C)oc2C2CC2)cc1F,SA_Ranolazine,smiles_lstm
Cc1cc(C2CC2)oc1NC(=O)c1ccc(NCc2cc(-c3coc(C4CCCCC4)n3)on2)cc1F,SA_Ranolazine,smiles_lstm
CCOc1cc(NC(=O)Nc2cc(-c3cc(C4CCCCC4)on3)oc2C2CC2)ccc1F,SA_Ranolazine,smiles_lstm
Cc1oc(C2CC2)cc1-c1noc(C2CCCCCC2=O)c1NC(=O)Nc1cccc(F)c1,SA_Ranolazine,smiles_lstm
Cc1cc(NC(=O)Nc2ccc(Oc3ccc(F)cc3C#N)cc2)ccc1-c1noc(C2CCCCC2)n1,SA_Ranolazine,smiles_lstm
O=C(CCc1coc(-c2cc(F)cc(NC(=O)c3ccc(C4CCCCC4)o3)c2)c1)Nc1ccco1,SA_Ranolazine,smiles_lstm
Cc1cc(NC(=O)CCCCCC(=O)Nc2ccc(Oc3cc(C4CCCCC4)oc3C)o2)ccn1,SA_Ranolazine,smiles_lstm
CCOc1c(F)cccc1Oc1ccc(NC(=O)CCc2c(C)oc(C3CCCC3)c2C#N)cc1,SA_Ranolazine,smiles_lstm
CCCCCCCCC(=O)Nc1cc(NC(=O)Nc2ccc(OCCC)c(C)c2)ccc1F,SA_Ranolazine,smiles_lstm
CCCOc1cc(F)ccc1NC(=O)Nc1cc(C2CCCCCC2)[nH]c1-c1ccncc1,SA_Ranolazine,smiles_lstm
Cc1ncc(-c2nc(C3CCCC3)oc2NC(=O)Nc2ccc(F)cc2-c2ccc(C3CC3)o2)o1,SA_Ranolazine,smiles_lstm
CCCCCCC(=O)Nc1cccc(NC(=O)Nc2ccc(Oc3ccco3)cc2F)c1,SA_Ranolazine,smiles_lstm
N#CCCCOc1cc(NC(=O)Nc2cccc(-c3coc(C4CCCC4)n3)c2)ccc1F,SA_Ranolazine,smiles_lstm
Cc1ccoc1CNc1ccc(Oc2c(CCCC#N)oc3cccc(F)c23)c(C2CCCCC2)n1,SA_Ranolazine,smiles_lstm
Cc1cc(NC(=O)CCCCCCCCCCC#N)ccc1-c1n[nH]c(C2CCCCCC2)n1,SA_Ranolazine,smiles_lstm
Cc1ccc(-c2c(-c3nc(C4CCCCC4)oc3C)coc2NC(=O)Nc2ccccc2F)o1,SA_Ranolazine,smiles_lstm
Cc1oc(NC(=O)Nc2cc(F)cc(C3CCCCC3)c2)cc1-c1ccoc1C(=O)NC1CC1,SA_Ranolazine,smiles_lstm
Cc1cc2oc(=O)ccc2cc1NC(=O)Nc1c(C2CCCCC2)oc2ccc(F)cc12,SA_Ranolazine,smiles_lstm
Cc1cc(NC(=O)Nc2ccc(Oc3cc(C4CCCCC4)on3)cc2F)ccc1-c1ccco1,SA_Ranolazine,smiles_lstm
Cc1oc(C2CCCCC2)nc1-c1coc(NC(=O)Nc2ccc(F)cc2-c2nc(C3CC3)oc2C)c1,SA_Ranolazine,smiles_lstm
Cc1oc(C2CCCCC2)nc1-c1coc(NC(=O)Nc2oc(C3CCCCC3)cc2C2CC2)c1F,SA_Ranolazine,smiles_lstm
CCCCc1nc(-c2cc(NC(=O)Cc3cccc(Oc4ccco4)c3C3CC3)ccc2F)no1,SA_Ranolazine,smiles_lstm
CCCCCCCC(=O)Nc1cc(NC(=O)Nc2ccc(F)cc2)ccc1-c1ccco1,SA_Ranolazine,smiles_lstm
Cc1occc1-c1oc(C2CCCCC2)nc1-c1coc(NC(=O)Nc2ccc(F)cc2)c1-c1ccco1,SA_Ranolazine,smiles_lstm
Cc1cc(NC(=O)Nc2cccc(Oc3ccc(N4CCCC4)nc3C)c2F)oc1-c1ccco1,SA_Ranolazine,smiles_lstm
Cc1oc(C2CCC2)nc1CNc1c(F)cccc1-c1cccc(-c2noc(C3CCCCCC3)c2C#N)c1,SA_Ranolazine,smiles_lstm
Fc1cc(NCc2coc(C3CCCC3)n2)ccc1Nc1nc(-c2ccco2)oc1C1CC1,SA_Ranolazine,smiles_lstm
CCCCCC(=O)Nc1cccc(NC(=O)Nc2nc(C3CCCCC3)oc2C)c1F,SA_Ranolazine,smiles_lstm
CCCC(=O)Nc1ccc(Nc2nc(C3CCCC3)oc2-c2c[nH]c3ccc(F)cc23)cc1,SA_Ranolazine,smiles_lstm
CCCC(C(=O)OCC)C(=O)n1nc(C)c2c(C(=O)NC3CCCC3)csc21,SA_perindopril,smiles_lstm
CCOC(=O)C(CC)NC(=O)C(C)n1nc2n(CC(=O)NC3CCCCC3)ccn21,SA_perindopril,smiles_lstm
CCOC(=O)C(CC)C(=O)n1nc(C)c2c(C(=O)C(C)NC3CCCCC3)csc21,SA_perindopril,smiles_lstm
CCOC(=O)C(CC)C(=O)n1nc(C)c2cc(C(=O)C(C)NC3CCCC3)sc21,SA_perindopril,smiles_lstm
CCOC(=O)C(CC)C(=O)n1nc(C)c2c(C(=O)C(C)NC3CCCC3)nsc21,SA_perindopril,smiles_lstm
CCOC(=O)C(CC)NC(=O)C(C)n1nnn2c(C(=O)NC3CCCCC3)ccc12,SA_perindopril,smiles_lstm
CCOC(=O)C(CC)NC(=O)C(C)n1ncc2c(C(=O)NC3CCCCC3)ncn21,SA_perindopril,smiles_lstm
CCOC(=O)C(CC)NC(=O)C(C)n1nc(C(=O)NC2CCCCC2)c2occc21,SA_perindopril,smiles_lstm
CCOC(=O)C(CC)NC(=O)C(C)n1nc(C(=O)NC2CCCCC2)c2cncn21,SA_perindopril,smiles_lstm
CCOC(=O)C(CC)NC(=O)C(C)n1c(CC(=O)NC2CCCC2)cc2ocnc21,SA_perindopril,smiles_lstm
CCOC(=O)C(CC)NC(=O)C(C)n1c(CC(=O)NC2CCCC2)cc2occc21,SA_perindopril,smiles_lstm
CCOC(=O)C(CC)NC(=O)C(C)n1c(C(=O)NC2CCCCC2)nc2cccn21,SA_perindopril,smiles_lstm
CCOC(=O)C(CC)n1c(C(=O)NC(C)C(=O)C2CCCCC2)cc2occc21,SA_perindopril,smiles_lstm
CCOC(=O)C(CC)NC(=O)c1cc2occc2n1C(C)C(=O)NC1CCCC1,SA_perindopril,smiles_lstm
CCOC(=O)C(CC)NC(=O)Cn1c(C2CCCCC2)nc2cc(C(C)=O)sc21,SA_perindopril,smiles_lstm
CCOC(=O)C(CC)NC(=O)C(C)n1nc(C(=O)NC2CCCC2)c2cncn21,SA_perindopril,smiles_lstm
CCOC(=O)C(CC)NC(=O)C(C)n1nc(C(=O)NC2CCCC2)c2ccsc21,SA_perindopril,smiles_lstm
CCOC(=O)C(CC)NC(=O)C(C)n1c(C(=O)NC2CCCC2)nc2cccn21,SA_perindopril,smiles_lstm
CCOC(=O)C(CC)C(=O)n1nnc2ccc(C(=O)C(C)NC3CCCC3)nc21,SA_perindopril,smiles_lstm
CCOC(=O)C(CC)NC(=O)Cn1c(=O)oc2ccc(C(=O)C(C)NC3CCCC3)nc21,SA_perindopril,smiles_lstm
CCOC(=O)C(CC)NC(=O)Cn1c(=O)oc2cc(C(=O)C(C)NC3CCCC3)nnc21,SA_perindopril,smiles_lstm
CCOC(=O)C(CC)NC(=O)Cn1c(=O)[nH]c2cc(C(=O)C(C)NC3CCCC3)cnc21,SA_perindopril,smiles_lstm
CCOC(=O)C(CO)NC(=O)C1CCCCC1n1nc(C)c2sc(C)nc21,SA_perindopril,smiles_lstm
CCOC(=O)C(CC)NC(=O)Cn1c(C(=O)C2CCCCC2)nc2ocnc21,SA_perindopril,smiles_lstm
CCOC(=O)C(CC)NC(=O)Cn1c(C(=O)C2CCCCC2)cc2sccc21,SA_perindopril,smiles_lstm
CCOC(=O)C(CC)NC(=O)Cn1c(C(=O)C2CCCCC2)cc2ocnc21,SA_perindopril,smiles_lstm
CCOC(=O)C(CC)n1nc(C)c2c(C(=O)C(C)NC(=O)CC3CCCC3)csc21,SA_perindopril,smiles_lstm
CCOC(=O)C(CC)n1nc(C)c2c(C(=O)C(C)NC(=O)C3CCCCC3)csc21,SA_perindopril,smiles_lstm
CCOC(=O)C(CC)NC(=O)c1cc2oc(C)cc2n1C(C)C(=O)NC1CCCC1,SA_perindopril,smiles_lstm
CCOC(=O)C(CC)NC(=O)C(C)n1nnc2c(NC(=O)C3CCCC3)nn(C)c21,SA_perindopril,smiles_lstm
CCOC(=O)C(CC)NC(=O)C(C)n1nc(C)c2c(C(=O)NC3CCCC3)csc21,SA_perindopril,smiles_lstm
CCOC(=O)C(CC)NC(=O)C(C)n1nc(C(=O)NC2CCCC2)c2ncn(C)c21,SA_perindopril,smiles_lstm
CCOC(=O)C(CC)NC(=O)C(C)n1cnc2sc(C(=O)NC3CCCC3)c(C)c21,SA_perindopril,smiles_lstm
CCOC(=O)C(CC)NC(=O)C(C)n1c(C)nn2cc(C(=O)NC3CCCC3)nc12,SA_perindopril,smiles_lstm
CCOC(=O)C(CC)C(=O)n1c(=O)oc2cc(C(=O)C(C)NC3CCCC3)cnc21,SA_perindopril,smiles_lstm
CCOC(=O)C(C)n1nc(CO)c2[nH]c(C(=O)C(C)NC(=O)CC3CCCC3)nc21,SA_perindopril,smiles_lstm
CCOC(=O)C(C)n1nc(CC)c2c(C(=O)C(C)NC(=O)C3CCCCC3)csc21,SA_perindopril,smiles_lstm
CCOC(=O)C(C)NC(=O)Cn1nc(CC)n2c(=O)n(C3CCCC3C3CC3)nc12,SA_perindopril,smiles_lstm
CCOC(=O)C(C)NC(=O)COC(=O)C1CCCCC1n1nc(C)n2nc(C)cc12,SA_perindopril,smiles_lstm
CCOC(=O)C(CC)NC(=O)c1cn(C(C)C(=O)NC2CCCCC2)c2ccccc12,SA_perindopril,smiles_lstm
CCOC(=O)C(CC)NC(=O)C(C)n1nc(C(=O)NC2CCCCC2)c2cncnc21,SA_perindopril,smiles_lstm
CCOC(=O)C(CC)NC(=O)C(C)n1c(NC(=O)C2CCCCC2)nc2ccccc21,SA_perindopril,smiles_lstm
CCOC(=O)C(CC)NC(=O)C(C)n1c(C(=O)NC2CCCCC2)nc2ccccc21,SA_perindopril,smiles_lstm
CCOC(=O)C(CC)NC(=O)C(C)Cn1nnc2cc(C(=O)NC3CCCC3)cnc21,SA_perindopril,smiles_lstm
CCOC(=O)C(C)NC(=O)C1CCCCC1n1c(=O)oc2cc(C)nn21,SA_perindopril,smiles_lstm
CCOC(=O)C(CC)NC(=O)Cn1c(C(=O)C2CCCC2)nc2cncn21,SA_perindopril,smiles_lstm
CCOC(=O)C(CC)NC(=O)Cn1c(C(=O)C2CCCC2)nc2cccn21,SA_perindopril,smiles_lstm
CCOC(=O)C(CC)n1nc(C)c2sc(C(=O)C(C)NC(=O)C3CCCC3)cc21,SA_perindopril,smiles_lstm
CCOC(=O)C(CC)n1nc(C)c2c(C(=O)C(C)NC(=O)C3CCCC3)nsc21,SA_perindopril,smiles_lstm
CCOC(=O)C(CC)n1c(=O)oc2cc(C(=O)C(C)NC(=O)C3CCCC3)sc21,SA_perindopril,smiles_lstm
CCOC(=O)C(C)n1nc(CO)c2cc(C(=O)C(C)NC(=O)C3CCCC3)sc21,SA_perindopril,smiles_lstm
CCOC(=O)C(C)n1nc(CO)c2c(C(=O)C(C)NC(=O)C3CCCC3)csc21,SA_perindopril,smiles_lstm
CCOC(=O)C(C)n1nc(CC)c2c(C(=O)NC(C)C(=O)C3CCCC3)nsc21,SA_perindopril,smiles_lstm
CCOC(=O)C(C)n1nc(CC)c2c(C(=O)C(C)NC(=O)C3CCCC3)nsc21,SA_perindopril,smiles_lstm
CCOC(=O)C(C)n1nc(CC)c2c(C(=O)C(C)NC(=O)C3CCCC3)csc21,SA_perindopril,smiles_lstm
CCOC(=O)C(C)n1c(C(=O)CC)nc2cc(C(=O)C(C)NC3CCCC3)sc21,SA_perindopril,smiles_lstm
CCOC(=O)C(CC)n1nnc2c(C(=O)C(C)NC(=O)C3CCCCC3)ccnc21,SA_perindopril,smiles_lstm
CCOC(=O)C(CC)n1nc(C(=O)NC(C)C(=O)NC2CCCCC2)c2sccc21,SA_perindopril,smiles_lstm
CCOC(=O)C(CC)n1c(C(=O)NC(C)C(=O)NC2CCCCC2)cc2occc21,SA_perindopril,smiles_lstm
CCOC(=O)C(CC)NC(=O)c1ccc2c(c1)nnn2C(C)C(=O)NC1CCCC1,SA_perindopril,smiles_lstm
CCOC(=O)C(CC)NC(=O)Cn1nc(C)c2c(C(=O)NC3CCCCC3)nsc21,SA_perindopril,smiles_lstm
CCOC(=O)C(CC)NC(=O)Cn1nc(C)c2c(C(=O)NC3CCCCC3)csc21,SA_perindopril,smiles_lstm
CCOC(=O)C(CC)NC(=O)Cn1nc(C(=O)NC2CCCCC2)c2cnn(C)c21,SA_perindopril,smiles_lstm
CCOC(=O)C(CC)NC(=O)Cn1c(C2CCCCC2)nc2nc(NC(C)=O)sc21,SA_perindopril,smiles_lstm
CCOC(=O)C(CC)NC(=O)Cn1c(C2CCCCC2)nc2c(NC(C)=O)noc21,SA_perindopril,smiles_lstm
CCOC(=O)C(CC)NC(=O)Cn1c(C)nn2cc(C(=O)NC3CCCCC3)nc12,SA_perindopril,smiles_lstm
CCOC(=O)C(CC)NC(=O)Cn1c(C)nn2c(C(=O)NC3CCCCC3)nnc12,SA_perindopril,smiles_lstm
CCOC(=O)C(CC)NC(=O)Cn1c(C)nn2c(C(=O)NC3CCCCC3)cnc12,SA_perindopril,smiles_lstm
CCOC(=O)C(CC)NC(=O)Cn1c(C)nc2c(C(=O)NC3CCCCC3)csc21,SA_perindopril,smiles_lstm
CCOC(=O)C(CC)NC(=O)Cn1c(C(=O)CC2CCCCC2)nc2oc(C)nc21,SA_perindopril,smiles_lstm
CCOC(=O)C(CC)NC(=O)C(C)n1nc(C(=O)NC2CCCC2)c2cnccc21,SA_perindopril,smiles_lstm
CCOC(=O)C(CC)NC(=O)C(C)n1nc(C(=O)NC2CCCC2)c2ccccc21,SA_perindopril,smiles_lstm
CCOC(=O)C(CC)NC(=O)C(C)n1c(C(=O)NC2CCCC2)nc2cccnc21,SA_perindopril,smiles_lstm
CCOC(=O)C(CC)C(=O)C(C)NC(=O)Cn1c(C2CCCC2)nc2ccccc21,SA_perindopril,smiles_lstm
CCOC(=O)C(C)NC(=O)c1cc2cnn(CC(=O)NC3CCCCC3)c2n1CC,SA_perindopril,smiles_lstm
CCOC(=O)C(C)NC(=O)Cn1ncc2sc(C(=O)NC3CCCCC3)c(CC)c21,SA_perindopril,smiles_lstm
CCOC(=O)C(C)NC(=O)Cn1ncc2sc(C(=O)NC(CC)C3CCCC3)cc21,SA_perindopril,smiles_lstm
CCOC(=O)C(C)NC(=O)Cn1nc(CC)n2cc(C(=O)NC3CCCCC3)nc12,SA_perindopril,smiles_lstm
CCOC(=O)C(C)NC(=O)Cn1nc(CC)c2c(C(=O)NC3CCCCC3)nsc21,SA_perindopril,smiles_lstm
CCOC(=O)C(C)NC(=O)Cn1c(CC)nn2c(C(=O)NC3CCCCC3)nnc12,SA_perindopril,smiles_lstm
CCOC(=O)C(C)NC(=O)Cn1c(CC)nc2c(NC(=O)C3CCCCC3)nsc21,SA_perindopril,smiles_lstm
CCOC(=O)C(C)NC(=O)Cn1c(C2CCCCC2)nc2nc(NC(=O)CC)sc21,SA_perindopril,smiles_lstm
CCOC(=O)C(C)NC(=O)Cn1c(C2CCCCC2)nc2cc(NC(=O)CC)oc21,SA_perindopril,smiles_lstm
CCOC(=O)C(C)NC(=O)Cn1c(C2CCCCC2)nc2cc(NC(=O)CC)nn21,SA_perindopril,smiles_lstm
CCOC(=O)C(C)NC(=O)Cn1c(C2CCCCC2)nc2cc(NC(=O)CC)[nH]c21,SA_perindopril,smiles_lstm
CCOC(=O)C(C)NC(=O)Cn1c(C(=O)C(C)CC2CCCCC2)nc2cccn21,SA_perindopril,smiles_lstm
CCOC(=O)C(C)NC(=O)C(CC)n1nc(C(=O)NC2CCCCC2)c2cncn21,SA_perindopril,smiles_lstm
CCNC(=O)c1nc2c(nc(C3CCCCC3)n2CC(=O)NC(C)C(=O)OCC)[nH]1,SA_perindopril,smiles_lstm
CCOC(=O)C(CC)NC(=O)Cn1nc(C(=O)NC(C)C(=O)NC2CCCC2)c2cncn21,SA_perindopril,smiles_lstm
CCOC(=O)C(C)n1ncn2c(=O)n(C(=O)C(C)NC(=O)C3CCCC3)nc12,SA_perindopril,smiles_lstm
CCOC(=O)C(CC)n1nnc2sc(C(=O)NC(C)C(=O)NC3CCCC3)cc21,SA_perindopril,smiles_lstm
CCOC(=O)C(CC)NC(=O)c1cn(CC(=O)NC2CCCC2)c2nnn(C)c12,SA_perindopril,smiles_lstm
CCOC(=O)C(CC)NC(=O)c1cc2c(C(=O)NC3CCCCC3)nn(C)c2o1,SA_perindopril,smiles_lstm
CCOC(=O)C(CC)NC(=O)Cn1nc(C(=O)NC2CCCC2)c2cn(C)cc21,SA_perindopril,smiles_lstm
CCOC(=O)C(CC)NC(=O)Cn1c(C)nn2c(C(=O)NC3CCCC3)cnc12,SA_perindopril,smiles_lstm
CCOC(=O)C(C)NC(=O)c1cn(CC)c2nc(NC(=O)CC3CCCC3)sc12,SA_perindopril,smiles_lstm
CCOC(=O)C(C)NC(=O)Cn1c(CC)nc2sc(C(=O)NC3CCCC3)cc21,SA_perindopril,smiles_lstm
CCOC(=O)C(C)NC(=O)Cn1c(CC)nc2c(NC(=O)C3CCCC3)ncn21,SA_perindopril,smiles_lstm
CCOC(=O)C(C)NC(=O)Cn1c(C(=O)CC)nc2c(NC3CCCC3)n[nH]c21,SA_perindopril,smiles_lstm
CCOC(=O)C(C)NC(=O)C(C)n1c(C(=O)CC2CCCCC2)cc2sccc21,SA_perindopril,smiles_lstm
CCOC(=O)C1=C(C)NC(C)=C(C(=O)OCC2CC2)C1c1ccccc1Cl,SA_amlodipine,smiles_lstm
CCOC(=O)c1c(C)[nH]c(C(=O)C2=C(C(=O)OC)C2c2ccccc2Cl)c1C,SA_amlodipine,smiles_lstm
CCOC(=O)C1=C(C)NC(C)=C(C(=O)OC)C1c1nn(-c2ccccc2Cl)[nH]1,SA_amlodipine,smiles_lstm
CCOC(=O)C1=C(C)NC(C)=C(C(=O)OC)C1c1c[nH]c2ccccc12,SA_amlodipine,smiles_lstm
CCOC(=O)C1=C(C)NC(C)=C(C(=O)OC)C1c1[nH]c2ccccc2c1Cl,SA_amlodipine,smiles_lstm
CCOC(=O)C1=C(COC(=O)C2=C(C)NC(=O)OC2c2ccccc2Cl)NC1N,SA_amlodipine,smiles_lstm
CCOC(=O)C1=C(C)NC(C)=C(C(=O)OC)C1c1noc(-c2ccccc2Cl)n1,SA_amlodipine,smiles_lstm
CCOC(=O)C1=C(C)NC(C)=C(C(=O)OC)C1c1nc(-c2ccccc2Cl)no1,SA_amlodipine,smiles_lstm
CCOC(=O)C1=C(C)NC(C)=C(C(=O)OC)C1c1cc(-c2ccccc2Cl)on1,SA_amlodipine,smiles_lstm
CCOC(=O)C1=C(C)NC(C)=C(C(=O)OC)C1c1nn(-c2ccccc2Cl)cc1Cl,SA_amlodipine,smiles_lstm
CCOC(=O)C1=C(C)NC(C)=C(C(=O)OC)C1c1nn(-c2ccccc2Cl)cc1C,SA_amlodipine,smiles_lstm
CCOC(=O)C1=C(C)NC(C)=C(C(=O)OC)C1c1nn(-c2ccccc2Cl)[nH]c1=O,SA_amlodipine,smiles_lstm
CCOC(=O)C1=C(C)NC(C)=C(C(=O)OC)C1c1nc(-c2ccccc2Cl)oc1C,SA_amlodipine,smiles_lstm
CCOC(=O)C1=C(C)NC(C)=C(C(=O)OC)C1c1[nH]c2ccccc2c1COC,SA_amlodipine,smiles_lstm
CCOC(=O)C1=C(C)NC(C)=C(C(=O)OC)C1c1nc2ccccc2s1,SA_amlodipine,smiles_lstm
CCOC(=O)C1=C(C)NC(C)=C(C(=O)OC)C1c1nc2ccccc2[nH]1,SA_amlodipine,smiles_lstm
CCOC(=O)C1=C(C)NC(C)=C(C(=O)OC)C1c1cc2ccccc2[nH]1,SA_amlodipine,smiles_lstm
CCOC(=O)c1onc(C(=O)OC)c1COC(=O)C1=C(C)NC(=O)CC1c1ccccc1Cl,SA_amlodipine,smiles_lstm
CCOC(=O)C1=C(COC(=O)C2=C(C)NC(=O)NC2c2ccccc2Cl)NC(=O)NC1C,SA_amlodipine,smiles_lstm
CCOC(=O)c1[nH]n(C)c1COC(=O)C1=C(C)NC(=O)NC1c1ccccc1Cl,SA_amlodipine,smiles_lstm
CCOC(=O)C1=C(C)NC(C)=C(C(=O)OC)C1c1[nH]c2ccccc2c1CO,SA_amlodipine,smiles_lstm
CCOC(=O)C1=C(C)NC(C)=C(C(=O)OC)C1c1[nH]c2ccccc2c1C,SA_amlodipine,smiles_lstm
CCOC(=O)c1c(C(=O)OC)[nH]c2c1C(c1ccccc1Cl)C2C,SA_amlodipine,smiles_lstm
CCOC(=O)c1[nH]c(C(=O)OC)c2c1C(C)C2c1ccccc1Cl,SA_amlodipine,smiles_lstm
CCOC(=O)C1=C(C)C(C(=O)OCC2=C(C(=O)OC)OC2c2ccccc2Cl)C1C,SA_amlodipine,smiles_lstm
CCOC(=O)C1=C(C)NC(=O)C2(C)CC2C(C)=C(C)C1c1ccccc1Cl,SA_amlodipine,smiles_lstm
CCOC(=O)c1[nH]c2c(c1C(=O)OC)CC2c1ccccc1Cl,SA_amlodipine,smiles_lstm
CCOC(=O)c1cc(COC(=O)C2=C(C(=O)OC)CC2c2ccccc2Cl)oc1C,SA_amlodipine,smiles_lstm
CCOC(=O)C1=C(C)NC(=O)NC1c1cccc(-c2ccccc2Cl)c1C(=O)OC,SA_amlodipine,smiles_lstm
CCOC(=O)c1[nH]c(C)c(COC(=O)C2=C(C)NC2c2ccccc2Cl)c1C,SA_amlodipine,smiles_lstm
CCOC(=O)C1=C(C(=O)OC)C2OC(c3ccccc3Cl)NC2C1C(=O)OC,SA_amlodipine,smiles_lstm
CCOC(=O)c1cn[nH]c1COC(=O)C1=C(C)NC(=O)NC1c1ccccc1Cl,SA_amlodipine,smiles_lstm
CCOC(=O)c1c[nH]nc1COC(=O)C1=C(C)NC(=O)NC1c1ccccc1Cl,SA_amlodipine,smiles_lstm
CCOC(=O)c1[nH]c(C)c(C(=O)OC2CC2c2ccccc2Cl)c1CCCOC,SA_amlodipine,smiles_lstm
CCOC(=O)c1c(C)[nH]c(C(=O)OC2CC2c2ccccc2Cl)c1COC,SA_amlodipine,smiles_lstm
CCOC(=O)c1[nH]c2c(c1C(=O)OC)CC(c1ccccc1Cl)C2COC,SA_amlodipine,smiles_lstm
CCOC(=O)c1[nH]c(C)c(C(=O)OC2CC2c2ccccc2Cl)c1COC,SA_amlodipine,smiles_lstm
CCOC(=O)c1[nH]c2c(c1C(=O)OC)CC(c1ccccc1Cl)C2CC,SA_amlodipine,smiles_lstm
CCCOC(=O)c1[nH]c2c(c1C(=O)OC)NC(=O)C2c1ccccc1Cl,SA_amlodipine,smiles_lstm
CCOC(=O)c1c(C(=O)OC)[nH]c2c1C(c1ccccc1Cl)CC2C,SA_amlodipine,smiles_lstm
CCOC(=O)c1[nH]c2c(c1C(=O)OC)OC(c1ccccc1Cl)C2C,SA_amlodipine,smiles_lstm
CCOC(=O)c1[nH]c2c(c1C(=O)OC)CC(c1ccccc1Cl)C2C,SA_amlodipine,smiles_lstm
CCOC(=O)c1[nH]c2c(c1C(=O)OC)CC(C)C2c1ccccc1Cl,SA_amlodipine,smiles_lstm
CCOC(=O)c1[nH]c(C(=O)OC)c2c1C(c1ccccc1Cl)CC2C,SA_amlodipine,smiles_lstm
CCOC(=O)C1=C(C)NC(C)=C2c3ccccc3C2C1C(=O)OC,SA_amlodipine,smiles_lstm
CCOC(=O)C1=C(C(=O)OC)NC(=O)C12CC2c1ccccc1Cl,SA_amlodipine,smiles_lstm
CCOC(=O)C1=C(COC(=O)C2=C(C)NC(=O)NC2c2ccccc2Cl)CC(C)=C1C,SA_amlodipine,smiles_lstm
CCOC(=O)C1=C(C)NC(C)=C(C(=O)OC)C1c1[nH]c2ccccc2c1C(=O)OC,SA_amlodipine,smiles_lstm
CCOC(=O)c1[nH]c(C)c(C2=C(C(=O)OC)C(c3ccccc3Cl)OC2C)c1C,SA_amlodipine,smiles_lstm
CCOC(=O)c1c(C(=O)OC)[nH]c2c1CCC2c1ccccc1Cl,SA_amlodipine,smiles_lstm
CCOC(=O)c1[nH]c2c(c1C(=O)OC)CCC2c1ccccc1Cl,SA_amlodipine,smiles_lstm
CCOC(=O)c1[nH]c2c(c1C(=O)OC)CC(c1ccccc1Cl)O2,SA_amlodipine,smiles_lstm
CCOC(=O)c1[nH]c2c(c1C(=O)OC)CC(c1ccccc1Cl)C2,SA_amlodipine,smiles_lstm
CCOC(=O)c1[nH]c2c(c1C(=O)OC)C=CC2c1ccccc1Cl,SA_amlodipine,smiles_lstm
CCOC(=O)c1[nH]c(C(=O)OC)c2c1CCC2c1ccccc1Cl,SA_amlodipine,smiles_lstm
CCOC(=O)c1oc2c(c1C(=O)OC)CC2c1ccccc1Cl,SA_amlodipine,smiles_lstm
CCOC(=O)c1c(C)[nH]c(C(=O)OC)c1COC1C(=O)OCC1c1ccccc1Cl,SA_amlodipine,smiles_lstm
CCOC(=O)c1[nH]nc(C(=O)OC)c1CC1=C(C)NC(=O)NC1c1ccccc1Cl,SA_amlodipine,smiles_lstm
CCOC(=O)c1[nH]c(C)c(CCC(=O)OC2CC2c2ccccc2Cl)c1C(=O)OC,SA_amlodipine,smiles_lstm
CCOC(=O)C1=C(COC(=O)C2=CC(c3ccccc3Cl)NC2C)NC(=O)NC1C,SA_amlodipine,smiles_lstm
CCOC(=O)C1=C(C)NC(C)=C(C(=O)OC)C1C(=O)OCc1c[nH]c2ccccc12,SA_amlodipine,smiles_lstm
CCOC(=O)c1c(C)[nH]c(C(=O)OCC2CC2c2ccccc2Cl)c1C(=O)OC,SA_amlodipine,smiles_lstm
CCOC(=O)c1[nH]c(C)c(CCC(=O)C2CC2c2ccccc2Cl)c1C(=O)OC,SA_amlodipine,smiles_lstm
CCOC(=O)c1[nH]c(C)c(CC(=O)OC2CC2c2ccccc2Cl)c1C(=O)OC,SA_amlodipine,smiles_lstm
CCOC(=O)c1[nH]c(C)c(C(=O)OCC2CC2c2ccccc2Cl)c1C(=O)OC,SA_amlodipine,smiles_lstm
CCOC(=O)c1c(C)[nH]c(C(=O)OC2CC2c2ccccc2Cl)c1C(=O)OC,SA_amlodipine,smiles_lstm
CCOC(=O)c1[nH]c(C)c(C(=O)OC2CC2c2ccccc2Cl)c1C(=O)OC,SA_amlodipine,smiles_lstm
CCOC(=O)C1=C(C)C(C(=O)OCC2=C(C)NC2c2ccccc2Cl)NC1C,SA_amlodipine,smiles_lstm
CCOC(=O)c1c(C)[nH]c(C(=O)C2CC2c2ccccc2Cl)c1C(=O)OC,SA_amlodipine,smiles_lstm
CCOC(=O)c1[nH]c(C)c(C(=O)C2CC2c2ccccc2Cl)c1C(=O)OC,SA_amlodipine,smiles_lstm
CCOC(=O)c1[nH]c2c(c1C(=O)OC)OC(C)(C)C2c1ccccc1Cl,SA_amlodipine,smiles_lstm
CCOC(=O)C1=C(COC)Nc2nnnn2C1c1ccccc1Cl,SA_amlodipine,smiles_lstm
CCOC(=O)c1c(C(=O)OC)[nH]c2[nH]c(COCCOC)c(-c3ccccc3Cl)c12,SA_amlodipine,smiles_lstm
CCOC(=O)c1c(C)[nH]c(C(=O)OCCOC2CC2c2ccccc2Cl)c1CC,SA_amlodipine,smiles_lstm
CCOCCOC(=O)c1c(C(=O)OC)[nH]c2c1C(=O)OC2c1ccccc1Cl,SA_amlodipine,smiles_lstm
CCOC(=O)c1c(C(=O)OC)[nH]c2sc(COCc3ccccc3Cl)c(C)c12,SA_amlodipine,smiles_lstm
CCOC(=O)c1c(C(=O)OC)[nH]c2[nH]c(COCc3ccccc3Cl)c(C)c12,SA_amlodipine,smiles_lstm
CCOC(=O)c1[nH]c2sc(COCc3ccccc3Cl)c(C)c2c1C(=O)OC,SA_amlodipine,smiles_lstm
CCOC(=O)c1[nH]c2c(c1C(=O)OC)CC(c1ccccc1Cl)OC2COC,SA_amlodipine,smiles_lstm
CCOC(=O)c1[nH]c2c(c1C(=O)OC)CC(COC)CC2c1ccccc1Cl,SA_amlodipine,smiles_lstm
CCOC(=O)c1[nH]c2[nH]c(COCc3ccccc3Cl)c(C)c2c1C(=O)OC,SA_amlodipine,smiles_lstm
CCOC(=O)c1[nH]c(C)c(C(=O)OCCOC2CC2c2ccccc2Cl)c1C,SA_amlodipine,smiles_lstm
CCOC(=O)c1oc2c(c1C(=O)OC)CC(c1ccccc1Cl)C2COC,SA_amlodipine,smiles_lstm
CCOC(=O)C1=C(C)NC(C)=C2C(=O)NC(COCc3ccccc3Cl)C21,SA_amlodipine,smiles_lstm
CCOC(=O)C1=C(C)NC(=O)CC1C(=O)OCC1CC1c1ccccc1Cl,SA_amlodipine,smiles_lstm
CCOC(=O)c1c(C)[nH]c(C(=O)C2CC2c2ccccc2Cl)c1COC,SA_amlodipine,smiles_lstm
CCOC(=O)c1c(C(=O)OC)[nH]c2c1CN(C)CC2c1ccccc1Cl,SA_amlodipine,smiles_lstm
CCOC(=O)c1[nH]c2c(c1C(=O)OC)OC(c1ccccc1Cl)NC2C,SA_amlodipine,smiles_lstm
CCOC(=O)c1[nH]c2c(c1C(=O)OC)NC(=O)CC2c1ccccc1Cl,SA_amlodipine,smiles_lstm
CCOC(=O)c1[nH]c2c(c1C(=O)OC)CN(C)CC2c1ccccc1Cl,SA_amlodipine,smiles_lstm
CCOC(=O)c1[nH]c2c(c1C(=O)OC)CCN(C)C2c1ccccc1Cl,SA_amlodipine,smiles_lstm
CCOC(=O)c1[nH]c2c(c1C(=O)OC)CC(c1ccccc1Cl)OC2C,SA_amlodipine,smiles_lstm
CCOC(=O)c1[nH]c2c(c1C(=O)OC)CC(c1ccccc1Cl)CC2C,SA_amlodipine,smiles_lstm
CCOC(=O)c1[nH]c2c(c1C(=O)OC)CC(c1ccccc1Cl)C2NC,SA_amlodipine,smiles_lstm
CCOC(=O)c1[nH]c2c(c1C(=O)OC)CC(C)OC2c1ccccc1Cl,SA_amlodipine,smiles_lstm
CCOC(=O)c1[nH]c2c(c1C(=O)OC)CC(C)CC2c1ccccc1Cl,SA_amlodipine,smiles_lstm
CCOC(=O)C1=C(COC(=O)OC)C2=C(c3ccccc3Cl)NC2C1C,SA_amlodipine,smiles_lstm
CCOC(=O)c1c(C(=O)OC)[nH]c2c1C(=O)NC2c1ccccc1Cl,SA_amlodipine,smiles_lstm
CCOC(=O)c1[nH]c(C(=O)OC)c2c1C(=O)CC2c1ccccc1Cl,SA_amlodipine,smiles_lstm
C=C1OC(c2ccccc2Cl)c2[nH]c(C(=O)OC)c(C(=O)OCC)c21,SA_amlodipine,smiles_lstm
FC(F)COc1nccc(CNCc2ncn(-c3ccccc3)n2)n1,SA_sitagliptin,smiles_lstm
CC(NC(=O)c1ccc(F)cc1)C(=O)NCCc1nccn1C(F)F,SA_sitagliptin,smiles_lstm
O=C(Cn1ccc(C(F)(F)F)n1)NCCn1nccc1-c1ccncc1,SA_sitagliptin,smiles_lstm
O=C(Cn1ccc(C(F)(F)F)n1)NCCn1ccnc1-c1ccncc1,SA_sitagliptin,smiles_lstm
CN(CCC(F)(F)F)C(=O)CCNC(=O)c1n[nH]c2ccccc12,SA_sitagliptin,smiles_lstm
O=C(CN(CC(F)(F)F)C(=O)c1ccn[nH]1)NCc1ccc(F)cc1,SA_sitagliptin,smiles_lstm
CN(C)C(=O)CNC(=O)Nc1ccn(-c2cccc(C(F)(F)F)c2)n1,SA_sitagliptin,smiles_lstm
CCNC(=O)c1ccc(CNC(=O)Cn2ccc(C(F)(F)F)n2)cc1,SA_sitagliptin,smiles_lstm
O=C(NCCNC(=O)c1cccnc1OCC(F)F)c1ccc(F)cc1,SA_sitagliptin,smiles_lstm
O=C(NCCNC(=O)c1cccc(OCC(F)F)n1)c1ccc(F)cc1,SA_sitagliptin,smiles_lstm
O=C(NCCNC(=O)c1ccc(OCC(F)F)nc1)c1ccc(F)cc1,SA_sitagliptin,smiles_lstm
CN(CC(=O)NCc1ccccn1)C(=O)c1ccc(C(F)(F)F)nc1,SA_sitagliptin,smiles_lstm
CN(Cc1ccc(OC(F)(F)F)cc1)Cc1nc2c(cnn2C)c(=O)[nH]1,SA_sitagliptin,smiles_lstm
O=C(CNCc1ccc(OCC(F)(F)F)nc1)Nc1ccncc1,SA_sitagliptin,smiles_lstm
O=C(NCCn1ccnc1-n1ccnc1)c1ccccc1OC(F)F,SA_sitagliptin,smiles_lstm
CN(C(=O)CNC(=O)NCc1cccc(F)c1F)c1ccc(F)cn1,SA_sitagliptin,smiles_lstm
O=C(NCCNc1ncccn1)c1ccccc1OCC(F)F,SA_sitagliptin,smiles_lstm
O=C(NCCNC(=O)c1cccc(OCC(F)F)n1)c1cccc(F)c1,SA_sitagliptin,smiles_lstm
O=C(NCCNC(=O)c1cccc(OCC(F)F)c1)c1ccc(F)nc1,SA_sitagliptin,smiles_lstm
O=C(NCCNC(=O)c1cccc(F)n1)c1cccc(OCC(F)F)c1,SA_sitagliptin,smiles_lstm
O=C(NCCNC(=O)c1cccc(F)c1)c1ccc(OCC(F)F)nc1,SA_sitagliptin,smiles_lstm
O=C(CNC(=O)c1cccnc1OCC(F)F)NCc1ccc(F)cc1,SA_sitagliptin,smiles_lstm
O=C(CNC(=O)c1ccc(OCC(F)F)nc1)NCc1ccc(F)cc1,SA_sitagliptin,smiles_lstm
O=C(CNC(=O)c1cccc(OCC(F)F)n1)NCc1ccc(F)cc1,SA_sitagliptin,smiles_lstm
O=C(CNC(=O)c1ccccc1OCC(F)(F)F)NCc1ccncc1,SA_sitagliptin,smiles_lstm
O=C(CNC(=O)c1ccccc1OCC(F)(F)F)NCc1cccnc1,SA_sitagliptin,smiles_lstm
O=C(Cc1ccc[nH]1)NCCNC(=O)c1ccc(C(F)(F)F)cc1,SA_sitagliptin,smiles_lstm
Cc1nc2ccccc2n(CCCNC(=O)NCC(F)(F)F)c1=O,SA_sitagliptin,smiles_lstm
Cc1cc(C(=O)NC(C(=O)NCC(F)(F)F)c2cccnc2)cn1C,SA_sitagliptin,smiles_lstm
O=C(NCCN(c1ccc(F)cc1)C(F)F)c1ccnc(-n2cncn2)c1,SA_sitagliptin,smiles_lstm
CN(Cc1cccc(OC(F)(F)F)c1)Cc1nc2c(cnn2C)c(=O)[nH]1,SA_sitagliptin,smiles_lstm
CN(CC(F)(F)F)C(=O)CNC(=O)c1c[nH]nc1-c1ccccc1,SA_sitagliptin,smiles_lstm
N#CCCN(CCC(F)(F)F)C(=O)Cn1c(=O)[nH]c2ccccc21,SA_sitagliptin,smiles_lstm
CN(Cc1ccc(OC(F)F)cc1)Cc1nc2c(cnn2C)c(=O)[nH]1,SA_sitagliptin,smiles_lstm
CCNC(=O)c1ccc(CNC(=O)c2cn(C)nc2C(F)(F)F)cc1,SA_sitagliptin,smiles_lstm
O=C(NCCNC(=O)c1cc(F)ccn1)c1cccc(OCC(F)F)c1,SA_sitagliptin,smiles_lstm
O=C(CNC(=O)c1cccnc1OCC(F)F)NCc1cccc(F)c1,SA_sitagliptin,smiles_lstm
O=C(CNC(=O)c1ccc(OCC(F)F)nc1)NCc1cccc(F)c1,SA_sitagliptin,smiles_lstm
O=S(=O)(NCCn1cccc1-c1ccncc1)c1nccn1C(F)F,SA_sitagliptin,smiles_lstm
O=C(NCCNC(=O)c1ccccc1OC(F)F)c1cccc(F)n1,SA_sitagliptin,smiles_lstm
O=C(NCCCn1cncn1)NCc1ccc(OC(F)(F)F)cc1,SA_sitagliptin,smiles_lstm
CN(Cc1cccc(OC(F)F)c1)c1nc2c(cnn2C)c(=O)[nH]1,SA_sitagliptin,smiles_lstm
CN(Cc1cccc(F)c1F)C(=O)CNc1ccc(-n2cnnn2)cc1,SA_sitagliptin,smiles_lstm
Fc1cccc(-n2nnnc2CNCc2ccnc(OCC(F)F)c2)c1F,SA_sitagliptin,smiles_lstm
CC(C)NC(=O)CNC(=O)c1cnn(-c2cccc(C(F)(F)F)c2)c1,SA_sitagliptin,smiles_lstm
Cc1ccnc2nc(C(=O)NCCc3ccc(OC(F)F)cc3)nn12,SA_sitagliptin,smiles_lstm
Cc1ccc2nc(CNC(=O)c3cccnc3OCC(F)F)nn2c1,SA_sitagliptin,smiles_lstm
O=C(CCNC(=O)c1ccc(F)cc1F)Nc1cnn(CC(F)F)c1,SA_sitagliptin,smiles_lstm
CN(Cc1cccc(OC(F)F)c1)Cc1nc2c(cnn2C)c(=O)[nH]1,SA_sitagliptin,smiles_lstm
CN(CC(=O)Nc1ccc(F)cc1)CC(=O)Nc1ccc(F)nc1,SA_sitagliptin,smiles_lstm
CC(=O)NCCNC(=O)c1cnn(-c2ccc(F)cc2)c1C(F)(F)F,SA_sitagliptin,smiles_lstm
Cc1cc(NC(=O)CNC(=O)c2ccc(C(F)(F)F)cc2)n(C)n1,SA_sitagliptin,smiles_lstm
Cc1cc(C(=O)NCC(=O)Nc2ccc(C(F)(F)F)cc2)n(C)n1,SA_sitagliptin,smiles_lstm
O=C(NCCc1nccn1Cc1ccccc1F)c1cn(CC(F)F)nn1,SA_sitagliptin,smiles_lstm
CC(=O)Nc1ccc(CNC(=O)Cn2ccc(C(F)(F)F)n2)cc1,SA_sitagliptin,smiles_lstm
O=C(NCCc1ccc(C(F)(F)F)cc1)NCc1nccn1CO,SA_sitagliptin,smiles_lstm
CN(CC(=O)Nc1cc(F)ccc1F)Cc1cc(=O)[nH]c(C(F)F)n1,SA_sitagliptin,smiles_lstm
O=C(NCCNC(=O)c1ccc(F)cc1F)c1cccc(OCC(F)F)n1,SA_sitagliptin,smiles_lstm
O=C(NCCNC(=O)c1c(F)cccc1F)c1ccc(OCC(F)F)nc1,SA_sitagliptin,smiles_lstm
O=C(NC(C(=O)NCCc1c(F)cccc1F)C(F)F)c1ccccn1,SA_sitagliptin,smiles_lstm
CCN(Cc1nc2ccccc2c(=O)[nH]1)C(=O)NCC(F)(F)F,SA_sitagliptin,smiles_lstm
O=S(=O)(NCCc1c(F)cccc1F)c1ccc(-n2cncn2)cc1,SA_sitagliptin,smiles_lstm
O=S(=O)(NCCc1cccc(F)c1)c1c(F)cccc1-n1cncn1,SA_sitagliptin,smiles_lstm
O=S(=O)(NCCc1c(F)cccc1F)c1cnn(-c2ccccn2)c1,SA_sitagliptin,smiles_lstm
O=C(NCCNC(=O)c1ccccc1OC(F)F)c1cc(F)ccn1,SA_sitagliptin,smiles_lstm
O=C(NCCNC(=O)c1cccc(OC(F)F)c1)c1ccc(F)nc1,SA_sitagliptin,smiles_lstm
O=C(NCCNC(=O)c1ccc(F)cc1OC(F)F)c1cccnc1,SA_sitagliptin,smiles_lstm
O=C(NCCNC(=O)c1ccc(F)cc1OC(F)F)c1ccccn1,SA_sitagliptin,smiles_lstm
CN(C)c1cncnc1-n1ccnc1CNC(=O)c1cc(F)cc(F)c1,SA_sitagliptin,smiles_lstm
CN(Cc1ccc(OC(F)F)cc1)C(=O)CNC(=O)c1ccc[nH]1,SA_sitagliptin,smiles_lstm
O=S(=O)(NCc1ccc(Cn2cncn2)cc1)c1cc(F)ccc1F,SA_sitagliptin,smiles_lstm
Cn1cc(S(=O)(=O)NC(c2ccc(F)cc2)c2cccnc2)cn1,SA_sitagliptin,smiles_lstm
O=C(NCCCn1nc2ccccn2c1=O)Nc1cccc(F)c1F,SA_sitagliptin,smiles_lstm
CCNC(=O)c1cccc(C(=O)NCCc2nccn2C(F)F)c1,SA_sitagliptin,smiles_lstm
Cc1c(C(=O)NCc2nccn2C(F)F)cnn1-c1ccncc1,SA_sitagliptin,smiles_lstm
Cc1ccnc2nc(C(=O)NCc3cccc(OCC(F)F)c3)nn12,SA_sitagliptin,smiles_lstm
Cn1ccc(S(=O)(=O)NCc2cccnc2-n2ccc(C(F)(F)F)n2)c1,SA_sitagliptin,smiles_lstm
CN(Cc1nnc2ccccn12)C(=O)c1cccc(OCC(F)F)n1,SA_sitagliptin,smiles_lstm
C#CCNC(=O)CNC(=O)Nc1cc(C(F)(F)F)ccc1OCC,SA_sitagliptin,smiles_lstm
CNC(=O)c1cn[nH]c1CNCc1ccc(OC(F)(F)F)cc1,SA_sitagliptin,smiles_lstm
Cn1c(CNC(=O)c2cncnc2OCC(F)F)nc2ccccc21,SA_sitagliptin,smiles_lstm
Cc1ncnc(CN(C)C(=O)c2cn(C)nc2-c2ccc(F)cc2F)n1,SA_sitagliptin,smiles_lstm
CN(Cc1cccnc1)C(=O)CNC(=O)Nc1c(F)cccc1F,SA_sitagliptin,smiles_lstm
CN(Cc1ccccn1)C(=O)CNC(=O)Nc1ccc(F)cc1F,SA_sitagliptin,smiles_lstm
O=S(=O)(Cc1ccc(F)cc1)NCc1ncn(-c2ccccc2)n1,SA_sitagliptin,smiles_lstm
O=S(=O)(Cc1ccc(F)cc1)NCc1ccnn1-c1ccncc1,SA_sitagliptin,smiles_lstm
O=S(=O)(Cc1ccc(F)cc1)NCc1ccc(-n2cncn2)cc1,SA_sitagliptin,smiles_lstm
O=S(=O)(Cc1ccc(F)cc1)NCc1ccc(-n2ccnc2)nc1,SA_sitagliptin,smiles_lstm
O=S(=O)(Cc1ccc(F)cc1)NCc1ccc(-n2cccn2)nc1,SA_sitagliptin,smiles_lstm
O=S(=O)(Cc1ccc(-n2cncn2)cc1)NCc1ccc(F)cc1,SA_sitagliptin,smiles_lstm
O=S(=O)(NCCn1nccc1Cc1ccc(F)cc1F)c1cccnc1,SA_sitagliptin,smiles_lstm
O=S(=O)(Cc1ccc(F)cc1)NCc1c(F)cccc1-n1cncn1,SA_sitagliptin,smiles_lstm
O=S(=O)(NCCn1ncnc1-c1ccc(F)cc1)c1ccccc1,SA_sitagliptin,smiles_lstm
O=S(=O)(NCCn1nccc1-c1ccncc1)c1ccc(F)cc1,SA_sitagliptin,smiles_lstm
O=S(=O)(NCCn1nccc1-c1cccnc1)c1ccc(F)cc1,SA_sitagliptin,smiles_lstm
O=S(=O)(NCCn1nccc1-c1ccccn1)c1ccc(F)cc1,SA_sitagliptin,smiles_lstm
O=S(=O)(NCCn1nccc1-c1ccc(F)cc1)c1cccnc1,SA_sitagliptin,smiles_lstm
O=S(=O)(NCCn1ccnc1-c1cccnc1)c1ccc(F)cc1,SA_sitagliptin,smiles_lstm
O=S(=O)(NCCn1ccnc1-c1ccccn1)c1ccc(F)cc1,SA_sitagliptin,smiles_lstm
O=S(=O)(NCCn1ccnc1-c1ccc(F)cc1)c1ccccn1,SA_sitagliptin,smiles_lstm
CCN(C(=O)COc1ccc(C#N)c(C)c1)c1cccc(C#N)c1,SA_zaleplon,smiles_lstm
CCN(C(=O)c1ccnc(-c2cccc(O)c2)c1)c1cccnc1,SA_zaleplon,smiles_lstm
CCN(C(=O)c1ccccc1)c1cccc(-c2nccc(=O)[nH]2)c1,SA_zaleplon,smiles_lstm
CCN(C(=O)c1cncc2cnccc12)c1cccc(C(C)=O)c1,SA_zaleplon,smiles_lstm
CCN(C(=O)c1cc2c(C#N)cnn2c(C)c1C)c1cccc(F)c1,SA_zaleplon,smiles_lstm
CCN(C(C)=O)c1ccc(Oc2ccc3ncccc3c2)cc1C#N,SA_zaleplon,smiles_lstm
CCN(C(=O)c1nccc2ccc(OC)cc12)c1cccc(C#N)c1,SA_zaleplon,smiles_lstm
CCN(C(=O)c1cccc(-c2ncoc2C)c1)c1cccc(C#N)c1,SA_zaleplon,smiles_lstm
CCN(C(=O)c1cncc(-c2cccc(O)c2)c1)c1cccnc1,SA_zaleplon,smiles_lstm
CCN(C(=O)c1c(-c2cccnc2)noc1C)c1cccc(C#N)c1,SA_zaleplon,smiles_lstm
CCN(C(=O)C(C)Oc1cccc(C#N)c1)c1cccc(C#N)c1,SA_zaleplon,smiles_lstm
CCN(C(=O)c1ncoc1-c1cccc(C)c1)c1cccnc1,SA_zaleplon,smiles_lstm
CCN(C(=O)c1cccc(-c2ncoc2C)c1)c1cccnc1,SA_zaleplon,smiles_lstm
CCN(C(=O)c1cccc(-c2ncc(C)o2)c1)c1cccnc1,SA_zaleplon,smiles_lstm
CCN(C(=O)c1cc(-c2cccnc2)on1)c1cccc(C)c1,SA_zaleplon,smiles_lstm
CCN(C(=O)c1cnc(-c2cccc(OC)c2)s1)c1cccnc1,SA_zaleplon,smiles_lstm
CCN(C(=O)c1cnc2c(C)cccn2c1=O)c1cccc(C#N)c1,SA_zaleplon,smiles_lstm
C=CCN(CC=C)C(=O)c1cnn2c(-c3cccc(Cl)c3)ccnc12,SA_zaleplon,smiles_lstm
CCN(C(=O)c1nc(-c2ccccc2)oc1C)c1cccc(C#N)c1,SA_zaleplon,smiles_lstm
CCN(C(=O)c1cccc(-c2ncc(C)o2)c1)c1ccc(C#N)cc1,SA_zaleplon,smiles_lstm
CCN(C(=O)c1c(C#N)cnc2ccc(OC)cc12)c1ccccc1,SA_zaleplon,smiles_lstm
CCN(C(=O)c1cncc(-c2cccc(O)c2)c1)c1ccccn1,SA_zaleplon,smiles_lstm
CCN(C(=O)c1cccc(-c2ccc(=O)[nH]c2)c1)c1cccnc1,SA_zaleplon,smiles_lstm
CCN(C(=O)c1noc(C)c1-c1cccc(C#N)c1)c1cccnc1,SA_zaleplon,smiles_lstm
CCN(C(=O)c1c(C#N)cnc2ccc(OC)cc12)c1cccnc1,SA_zaleplon,smiles_lstm
CCN(C(=O)c1c(C#N)cnc2cc(OC)ccc12)c1cccnc1,SA_zaleplon,smiles_lstm
CCN(C(=O)c1nccc2ccc(C)cc12)c1cccc(C#N)c1,SA_zaleplon,smiles_lstm
CCN(C(=O)c1ccnc2ccc(C)cc12)c1cccc(C#N)c1,SA_zaleplon,smiles_lstm
CCN(C(=O)c1ccnc2c(C)cccc12)c1cccc(C#N)c1,SA_zaleplon,smiles_lstm
CCN(C(=O)c1cccc2c1ccn2C)c1cccc(C#N)c1,SA_zaleplon,smiles_lstm
CCN(C(=O)c1cc2ccccc2n1C)c1cccc(C#N)c1,SA_zaleplon,smiles_lstm
CCN(C(=O)c1cnccn1)c1cccc(Oc2ccccc2)c1,SA_zaleplon,smiles_lstm
CCN(C(=O)c1cccc(-c2ncc(C)o2)c1)c1cccc(F)c1,SA_zaleplon,smiles_lstm
CCN(C(=O)c1cc(-c2cccnc2)oc1C)c1cccc(F)c1,SA_zaleplon,smiles_lstm
CCN(C(=O)c1nc(C)no1)c1cccc(-c2ccccc2)c1,SA_zaleplon,smiles_lstm
CCN(C(=O)c1cnc2ncccc2c1)c1cccc(OC)c1,SA_zaleplon,smiles_lstm
CCN(C(=O)c1ccnc2ncccc12)c1cccc(OC)c1,SA_zaleplon,smiles_lstm
CCN(C(=O)c1cccc(-c2ncon2)c1)c1cccc(C)c1,SA_zaleplon,smiles_lstm
CCN(C(=O)c1cc2ccncc2cn1)c1cccc(OC)c1,SA_zaleplon,smiles_lstm
CCN(C(=O)c1cc(-c2ccccc2)on1)c1ccnc(C)c1,SA_zaleplon,smiles_lstm
CCN(C(=O)c1cnn2c(-c3ccccc3)ccnc12)c1cccs1,SA_zaleplon,smiles_lstm
CCN(C(=O)c1cnc(-c2ccccn2)s1)c1cccc(OC)c1,SA_zaleplon,smiles_lstm
CCN(C(=O)c1cnc2ccc(C)cn2c1=O)c1cccc(C#N)c1,SA_zaleplon,smiles_lstm
CCN(C(C)=O)c1cccc(OCc2ccccc2C#N)c1,SA_zaleplon,smiles_lstm
COc1cccc(N(C)C(=O)Cn2cc(C#N)c3ccccc32)c1,SA_zaleplon,smiles_lstm
CCN(C(=O)Nc1cccc(C#CCO)c1)c1cccc(C#N)c1,SA_zaleplon,smiles_lstm
CCN(C(=O)Cc1cccc(OCC#N)c1)c1cccc(C#N)c1,SA_zaleplon,smiles_lstm
CCCN(C(=O)COc1ccccc1C#N)c1cccc(C#N)c1,SA_zaleplon,smiles_lstm
CCN(C(=O)c1cccc(-c2ncoc2C)c1)c1ccc(C#N)cc1,SA_zaleplon,smiles_lstm
CCN(C(=O)c1c(-c2cccc(C#N)c2)noc1C)c1ccccc1,SA_zaleplon,smiles_lstm
CCN(C(=O)c1cccc(NC(C)=O)c1)c1cccc(C#N)c1,SA_zaleplon,smiles_lstm
CCN(C(=O)c1cccc(C#N)c1)c1cccc(NC(C)=O)c1,SA_zaleplon,smiles_lstm
CCN(C(=O)c1ccc(NC(C)=O)cc1)c1cccc(C#N)c1,SA_zaleplon,smiles_lstm
CCN(C(=O)c1nc(-c2ccccn2)oc1C)c1cccc(C#N)c1,SA_zaleplon,smiles_lstm
CCN(C(=O)c1cccc(-c2noc(C)n2)c1)c1cccc(C#N)c1,SA_zaleplon,smiles_lstm
CCN(C(=O)c1cccc(-c2nnc(C)o2)c1)c1cccc(C#N)c1,SA_zaleplon,smiles_lstm
CCN(C(=O)c1c(-c2ccncc2)noc1C)c1cccc(C#N)c1,SA_zaleplon,smiles_lstm
CCN(C(=O)c1cncc(-c2ccc(O)cc2)c1)c1cccnc1,SA_zaleplon,smiles_lstm
CCN(C(=O)c1ccc(-c2ccc(O)cc2)nc1)c1cccnc1,SA_zaleplon,smiles_lstm
CCN(C(=O)c1cnc2c(C)cccc2c1)c1cccc(C#N)c1,SA_zaleplon,smiles_lstm
CCN(C(=O)c1cc(C)cc2cccnc12)c1cccc(C#N)c1,SA_zaleplon,smiles_lstm
CCN(C(=O)Cc1coc(-c2ccccc2)n1)c1cccc(C#N)c1,SA_zaleplon,smiles_lstm
CCN(C(=O)Cc1cc(-c2ccccc2)on1)c1cccc(C#N)c1,SA_zaleplon,smiles_lstm
CCN(C(=O)c1cnc(-c2cccnc2)s1)c1cccc(C)c1,SA_zaleplon,smiles_lstm
CCN(C(=O)c1cnc2ccccn2c1=O)c1cccc(C)c1,SA_zaleplon,smiles_lstm
CCN(C(=O)c1cc2cccnc2n(C)c1=O)c1ccccc1,SA_zaleplon,smiles_lstm
N#CCC1(COC(=O)c2cnn3c(-c4ccccc4)ccnc23)CC1,SA_zaleplon,smiles_lstm
CCN(C(=O)c1c(C#N)cnc2cc(OC)ccc12)c1cccc(F)c1,SA_zaleplon,smiles_lstm
CCN(C(=O)c1ccnc(Oc2ccccc2)c1)c1cccnc1,SA_zaleplon,smiles_lstm
CCN(C(=O)c1cccc(Oc2cnccn2)c1)c1ccccc1,SA_zaleplon,smiles_lstm
CCN(C(=O)c1cccc(Oc2ccccn2)c1)c1cccnc1,SA_zaleplon,smiles_lstm
CCN(C(=O)c1ncc(-c2cccnc2)o1)c1cccc(OC)c1,SA_zaleplon,smiles_lstm
CCN(C(C)=O)c1cc(-c2cccc(OC)c2)ccc1C#N,SA_zaleplon,smiles_lstm
CCN(C(=O)c1cnc2ccccc2n1)c1cccc(S(C)=O)c1,SA_zaleplon,smiles_lstm
CCN(C(=O)c1cccc(-c2ncoc2C)c1)c1cccc(F)c1,SA_zaleplon,smiles_lstm
CCN(C(=O)c1ccc2ncccc2n1)c1cccc(S(C)=O)c1,SA_zaleplon,smiles_lstm
CCN(C(=O)c1nccc2ccc(OC)cc12)c1cccnc1,SA_zaleplon,smiles_lstm
CCN(C(=O)c1nccc2cc(OC)ccc12)c1cccnc1,SA_zaleplon,smiles_lstm
CCN(C(=O)c1cncc2cnccc12)c1cccc(OC)c1,SA_zaleplon,smiles_lstm
CCN(C(=O)c1cnc(-c2ccco2)nc1)c1cccc(C)c1,SA_zaleplon,smiles_lstm
CCN(C(=O)c1cccc(-c2nnco2)c1)c1cccc(C)c1,SA_zaleplon,smiles_lstm
CCN(C(=O)c1ccc2nccnc2c1)c1cccc(OC)c1,SA_zaleplon,smiles_lstm
CCN(C(=O)c1ccc2ncccc2n1)c1cccc(OC)c1,SA_zaleplon,smiles_lstm
CCN(C(=O)c1ccc2cccnc2n1)c1cccc(OC)c1,SA_zaleplon,smiles_lstm
CCN(C(=O)c1ccc(-c2ncon2)cc1)c1cccc(C)c1,SA_zaleplon,smiles_lstm
CCN(C(=O)c1cc(-c2ccncc2)on1)c1cccc(C)c1,SA_zaleplon,smiles_lstm
CCN(C(=O)c1cc(-c2ccccn2)on1)c1cccc(C)c1,SA_zaleplon,smiles_lstm
CC(=O)N(Cc1cc(-c2ccccn2)on1)c1cccc(C)c1,SA_zaleplon,smiles_lstm
CCN(C(=O)c1cncc2c(C)ccnc12)c1cccc(C#N)c1,SA_zaleplon,smiles_lstm
Cc1cccc(-c2ccc(C#N)c(=O)n2Cc2c(C)noc2C)c1,SA_zaleplon,smiles_lstm
CCN(C(=O)C(C)Oc1ccccc1C#N)c1ccc(C#N)cc1,SA_zaleplon,smiles_lstm
CCN(C(=O)c1cn(C)c2ccccc2c1=O)c1cccc(C#N)c1,SA_zaleplon,smiles_lstm
CCN(C(=O)c1cc(=O)c2ccccc2n1C)c1cccc(C#N)c1,SA_zaleplon,smiles_lstm
CCN(C(=O)c1cc2cccnc2n(C)c1=O)c1ccc(C#N)cc1,SA_zaleplon,smiles_lstm
CCN(C(=O)Cc1csc(-c2cccc(O)c2)n1)c1cccnc1,SA_zaleplon,smiles_lstm
CCN(C(=O)c1ccnc(-c2ccccc2)c1)c1cccnc1,SA_zaleplon,smiles_lstm
CCN(C(=O)c1cccc(-c2ccccn2)c1)c1cccnc1,SA_zaleplon,smiles_lstm
CCN(C(=O)c1cc(-c2ccccc2)ccn1)c1cccnc1,SA_zaleplon,smiles_lstm
CCN(C(=O)c1cnn2c(-c3ccccc3)ccnc12)C1CC1Cl,SA_zaleplon,smiles_lstm
CCN(C(=O)Cn1c(C#N)c(O)c2ccccc21)c1ccccc1,SA_zaleplon,smiles_lstm
Cn1nccc1C(=O)N(CC(N)=O)Cc1ccc(-c2ccccc2)cc1,SA_valsartan,smiles_lstm
Cn1cc(C(=O)N(CC(N)=O)Cc2ccc(-c3ccccc3)cc2)cn1,SA_valsartan,smiles_lstm
CN(Cc1ccc(-c2ccccc2)cc1)C(=O)CN(C)C(N)=CS(C)(=O)=O,SA_valsartan,smiles_lstm
CN(Cc1ccc(-c2ccccc2)cc1)C(=O)CN(C)C(=O)c1nc[nH]n1,SA_valsartan,smiles_lstm
CN(Cc1ccc(-c2ccccc2)cc1)C(=O)CN(C)C(=O)c1cn[nH]n1,SA_valsartan,smiles_lstm
NC(=O)CN(Cc1ccc(-c2ccccc2)cc1)C(=O)Cn1ccnc1,SA_valsartan,smiles_lstm
NC(=O)CN(Cc1ccc(-c2ccccc2)cc1)C(=O)Cn1cccn1,SA_valsartan,smiles_lstm
Cc1nn(CC(=O)N(C)Cc2ccc(-c3ccccc3)cc2)c(=O)[nH]1,SA_valsartan,smiles_lstm
CNC(=O)CN(Cc1ccc(-c2ccccc2)cc1)C(=O)Cn1cncn1,SA_valsartan,smiles_lstm
CN(Cc1ccc(-c2ccccc2)cc1)C(=O)c1n[nH]c(=O)[nH]1,SA_valsartan,smiles_lstm
CN(Cc1ccc(-c2ccccc2)cc1)C(=O)CN(C)C(=O)C1CCC(=O)N1,SA_valsartan,smiles_lstm
CN(CC(=O)N(CC(N)=O)Cc1ccc(-c2ccccc2)cc1)C(=O)C1CC1,SA_valsartan,smiles_lstm
CN(C)C(=O)N(C)CC(=O)NCC(=O)N(C)Cc1ccc(-c2ccccc2)cc1,SA_valsartan,smiles_lstm
CN(C)C(=O)CN(C)C(=O)NCC(=O)N(C)Cc1ccc(-c2ccccc2)cc1,SA_valsartan,smiles_lstm
CN(C)C(=O)CN(C)C(=O)CNC(=O)N(C)Cc1ccc(-c2ccccc2)cc1,SA_valsartan,smiles_lstm
CN(Cc1ccc(-c2ccccc2)cc1)C(=O)CN(C)C(=O)c1cnno1,SA_valsartan,smiles_lstm
CN(CC(=O)N(C)Cc1ccc(-c2ccccc2)cc1)C(=O)CN(C)S(C)(=O)=O,SA_valsartan,smiles_lstm
CC(C(=O)N(C)C)N(C)C(=O)NCC(=O)N(C)Cc1ccc(-c2ccccc2)cc1,SA_valsartan,smiles_lstm
NC(=O)CN(Cc1ccc(-c2ccccc2)cc1)C(=O)CCn1cccn1,SA_valsartan,smiles_lstm
CN(Cc1ccc(-c2ccccc2)cc1)C(=O)c1nnn(C)c1N,SA_valsartan,smiles_lstm
CN(Cc1ccc(-c2ccccc2)cc1)C(=O)NCc1nnnn1C,SA_valsartan,smiles_lstm
CN(Cc1ccc(-c2ccccc2)cc1)C(=O)CS(=O)(=O)N(C)CCC#N,SA_valsartan,smiles_lstm
CN(C)C(=O)Cn1cc(C(=O)N(C)Cc2ccc(-c3ccccc3)cc2)nn1,SA_valsartan,smiles_lstm
CN(Cc1ccc(-c2ccccc2)cc1)C(=O)CNC(=O)c1cc[nH]n1,SA_valsartan,smiles_lstm
CNC(=O)CN(Cc1ccc(-c2ccccc2)cc1)C(=O)c1cnccn1,SA_valsartan,smiles_lstm
NC(=O)CN(Cc1ccc(-c2ccccc2)cc1)C(=O)CN1CCCCC1=O,SA_valsartan,smiles_lstm
NC(=O)CN(Cc1ccc(-c2ccccc2)cc1)C(=O)CCN1CCCC1=O,SA_valsartan,smiles_lstm
CN(Cc1ccc(-c2ccccc2)cc1)C(=O)CSc1n[nH]c(=O)[nH]1,SA_valsartan,smiles_lstm
CN(Cc1ccc(-c2ccccc2)cc1)C(=O)CNS(=O)(=O)N(C)CF,SA_valsartan,smiles_lstm
NC(=O)CN(Cc1ccc(-c2ccccc2)cc1)C(=O)c1cnccn1,SA_valsartan,smiles_lstm
NC(=O)CN(Cc1ccc(-c2ccccc2)cc1)C(=O)c1ccnnc1,SA_valsartan,smiles_lstm
CN(Cc1ccc(-c2ccccc2)cc1)C(=O)CSc1n[nH]c(=O)n1C,SA_valsartan,smiles_lstm
CN(Cc1ccc(-c2ccccc2)cc1)C(=O)CNC(=O)c1csnn1,SA_valsartan,smiles_lstm
CN1CC(C(=O)N(CC(N)=O)Cc2ccc(-c3ccccc3)cc2)CC1=O,SA_valsartan,smiles_lstm
CN(Cc1ccc(-c2ccccc2)cc1)C(=O)CNC(=O)c1nc[nH]n1,SA_valsartan,smiles_lstm
NC(=O)CN(Cc1ccc(-c2ccccc2)cc1)C(=O)CN1CCCC1=O,SA_valsartan,smiles_lstm
Cc1nn(C)cc1C(=O)N(CC(N)=O)Cc1ccc(-c2ccccc2)cc1,SA_valsartan,smiles_lstm
CC(C(=O)N(CC(N)=O)Cc1ccc(-c2ccccc2)cc1)n1cccn1,SA_valsartan,smiles_lstm
CN(CC(=O)N(C)Cc1ccc(-c2ccccc2)cc1)C(=O)Cn1ncnn1,SA_valsartan,smiles_lstm
NC(=O)CN(Cc1ccc(-c2ccccc2)cc1)C(=O)c1csnn1,SA_valsartan,smiles_lstm
CN(C)C(=O)N(C)CC(=O)N(C)CC(=O)N(C)Cc1ccc(-c2ccccc2)cc1,SA_valsartan,smiles_lstm
NC(=O)CN(Cc1ccc(-c2ccccc2)cc1)C(=O)Cc1ccon1,SA_valsartan,smiles_lstm
CN(C)C(=O)N(CC(=O)N(C)CC(N)=O)Cc1ccc(-c2ccccc2)cc1,SA_valsartan,smiles_lstm
CNC(=O)Cn1cc(C(=O)N(C)Cc2ccc(-c3ccccc3)cc2)cn1,SA_valsartan,smiles_lstm
CN(Cc1ccc(-c2ccccc2)cc1)C(=O)Cn1cnn(C)c1=O,SA_valsartan,smiles_lstm
CN(Cc1ccc(-c2ccccc2)cc1)C(=O)CN(C)C(=O)C1CC(=O)N(C)C1,SA_valsartan,smiles_lstm
Nc1ncn(CC(=O)N(Cc2ccc(-c3ccccc3)cc2)C2CC2)n1,SA_valsartan,smiles_lstm
CC(C(=O)N(C)CC(=O)N(C)Cc1ccc(-c2ccccc2)cc1)n1cncn1,SA_valsartan,smiles_lstm
CN(Cc1ccc(-c2ccccc2)cc1)C(=O)c1c[nH]c(=O)[nH]c1=O,SA_valsartan,smiles_lstm
NC(=O)CN(Cc1ccc(-c2ccccc2)cc1)C(=O)CCn1cncn1,SA_valsartan,smiles_lstm
NC(=O)CN(Cc1ccc(-c2ccccc2)cc1)C(=O)c1cc[nH]n1,SA_valsartan,smiles_lstm
NC(=O)CN(Cc1ccc(-c2ccccc2)cc1)C(=O)c1ncc[nH]1,SA_valsartan,smiles_lstm
NC(=O)CN(Cc1ccc(-c2ccccc2)cc1)C(=O)c1ccn[nH]1,SA_valsartan,smiles_lstm
Nc1nccnc1C(=O)N(CCO)Cc1ccc(-c2ccccc2)cc1,SA_valsartan,smiles_lstm
Cc1cnnn1CC(=O)N(CC(N)=O)Cc1ccc(-c2ccccc2)cc1,SA_valsartan,smiles_lstm
CN(Cc1ccc(-c2ccccc2)cc1)C(=O)Cn1ccc(=O)[nH]c1=O,SA_valsartan,smiles_lstm
CN(Cc1ccc(-c2ccccc2)cc1)C(=O)c1cn(CC(N)=O)nn1,SA_valsartan,smiles_lstm
CN(Cc1ccc(-c2ccccc2)cc1)C(=O)CN(C)C(=O)NCc1nc[nH]n1,SA_valsartan,smiles_lstm
NC(=O)CN(Cc1ccc(-c2ccccc2)cc1)C(=O)c1ccno1,SA_valsartan,smiles_lstm
CN(CC(=O)N(CC(N)=O)Cc1ccc(-c2ccccc2)cc1)C(=O)C(C)(C)C,SA_valsartan,smiles_lstm
Cc1cnc(C(=O)N(CC(N)=O)Cc2ccc(-c3ccccc3)cc2)cn1,SA_valsartan,smiles_lstm
CN(CC(N)=O)C(=O)CCC(=O)N(C)Cc1ccc(-c2ccccc2)cc1,SA_valsartan,smiles_lstm
CN(CC(=O)N(C)Cc1ccc(-c2ccccc2)cc1)C(=O)CCC(N)=O,SA_valsartan,smiles_lstm
Cc1cc(C(=O)NCC(=O)N(C)Cc2ccc(-c3ccccc3)cc2)n[nH]1,SA_valsartan,smiles_lstm
NC(=O)N(Cc1ccc(-c2ccccc2)cc1)C(=O)CN1CCCC1=O,SA_valsartan,smiles_lstm
NC(=O)CN(Cc1ccc(-c2ccccc2)cc1)C(=O)Cc1ccc[nH]1,SA_valsartan,smiles_lstm
CN(Cc1ccc(-c2ccccc2)cc1)C(=O)c1c[nH]c(=O)[nH]1,SA_valsartan,smiles_lstm
Cc1cc(C(=O)N(CC(N)=O)Cc2ccc(-c3ccccc3)cc2)n[nH]1,SA_valsartan,smiles_lstm
CNC(=O)c1ncc(C(=O)N(C)Cc2ccc(-c3ccccc3)cc2)cn1,SA_valsartan,smiles_lstm
CN(C)C(=O)CCC(=O)N(CC(N)=O)Cc1ccc(-c2ccccc2)cc1,SA_valsartan,smiles_lstm
CNC(=O)CN(Cc1ccc(-c2ccccc2)cc1)C(=O)CN(C)C(C)=O,SA_valsartan,smiles_lstm
NC(=O)CN(Cc1ccc(-c2ccccc2)cc1)C(=O)Cc1cccnc1,SA_valsartan,smiles_lstm
CN(Cc1ccc(-c2ccccc2F)cc1)C(=O)CNc1ncn[nH]1,SA_valsartan,smiles_lstm
NC(=O)CN(Cc1ccc(-c2ccccc2)cc1)C(=O)CN1CC=C(CO)C1,SA_valsartan,smiles_lstm
NC(=O)N(Cc1ccc(-c2ccccc2)cc1)C(=O)C1CC(=O)N(C2CC2)C1,SA_valsartan,smiles_lstm
CC(=O)N(Cc1ccc(-c2ccccc2)cc1)C(=O)Cn1ncccc1=O,SA_valsartan,smiles_lstm
CN(CC(=O)N(CC(N)=O)Cc1ccc(-c2ccccc2)cc1)C(C)(C)CO,SA_valsartan,smiles_lstm
CN(Cc1ccc(-c2ccccc2)cc1)C(=O)c1ccc(=O)[nH]n1,SA_valsartan,smiles_lstm
CN(Cc1ccc(-c2ccccc2)cc1)C(=O)NC(CO)Cc1cnno1,SA_valsartan,smiles_lstm
CN(Cc1ccc(-c2ccccc2)cc1)C(=O)CN(C)C(=O)c1cn[nH]c1,SA_valsartan,smiles_lstm
CN(Cc1ccc(-c2ccccc2)cc1)C(=O)CN(C)C(=O)c1ccn[nH]1,SA_valsartan,smiles_lstm
CN(Cc1ccc(-c2ccccc2)cc1)C(=O)CN(C)C(=O)c1cc[nH]n1,SA_valsartan,smiles_lstm
CC(=O)N(C)CC(=O)N(C)CC(=O)N(C)Cc1ccc(-c2ccccc2)cc1,SA_valsartan,smiles_lstm
CN(Cc1ccc(-c2ccccc2)cc1)C(=O)NC(CO)Cc1cnn(C)c1,SA_valsartan,smiles_lstm
NC(=O)CN(Cc1ccc(-c2ccccc2)cc1)C(=O)c1ccncc1,SA_valsartan,smiles_lstm
NC(=O)CN(Cc1ccc(-c2ccccc2)cc1)C(=O)c1cccnc1,SA_valsartan,smiles_lstm
NC(=O)CN(Cc1ccc(-c2ccccc2)cc1)C(=O)c1ccccn1,SA_valsartan,smiles_lstm
CNS(=O)(=O)C(C)C(=O)N(C)Cc1ccc(-c2ccccc2)cc1,SA_valsartan,smiles_lstm
CC(NS(C)(=O)=O)C(=O)N(C)Cc1ccc(-c2ccccc2)cc1,SA_valsartan,smiles_lstm
NC(=O)CN(Cc1ccc(-c2ccccc2)cc1)C(=O)c1ccc[nH]1,SA_valsartan,smiles_lstm
NC(=O)CN(Cc1ccc(-c2ccccc2)cc1)C(=O)c1cc[nH]c1,SA_valsartan,smiles_lstm
NC(=O)CN(Cc1ccc(-c2ccccc2)cc1)C(=O)Cc1cscn1,SA_valsartan,smiles_lstm
NC(=O)CNC(=O)CN(Cc1ccc(-c2ccccc2)cc1)C(=O)C1CC1,SA_valsartan,smiles_lstm
CN(Cc1ccc(-c2ccccc2)cc1)C(=O)CN(C)C(=O)C1CCC(=O)N(C)C1,SA_valsartan,smiles_lstm
CN(C)C(=O)CN(CC(=O)N(C)Cc1ccc(-c2ccccc2)cc1)C(=O)C1CC1,SA_valsartan,smiles_lstm
NC(=O)CN(Cc1ccc(-c2ccccc2)cc1)C(=O)C1CC1=O,SA_valsartan,smiles_lstm
NC(=O)CN(Cc1ccc(-c2ccccc2)cc1)C(=O)CSc1ncc[nH]1,SA_valsartan,smiles_lstm
Cc1cc(C(=O)N(CC(N)=O)Cc2ccc(-c3ccccc3)cc2)on1,SA_valsartan,smiles_lstm
Cc1cc(C(=O)N(CC(N)=O)Cc2ccc(-c3ccccc3)cc2)no1,SA_valsartan,smiles_lstm
CN(Cc1ccc(-c2ccccc2)cc1)C(=O)CSc1nnnn1C,SA_valsartan,smiles_lstm
COc1cc2ncnc(Nc3ccc4ncn(C)c4c3)c2cc1C,SA_decoration_hop,smiles_lstm
COc1cc2ncnc(Nc3ccc4nc(C)oc4c3)c2cc1Cl,SA_decoration_hop,smiles_lstm
COc1cc2ncnc(Nc3ccc4nc(C)oc4c3)c2cc1C,SA_decoration_hop,smiles_lstm
COc1cc2ncnc(Nc3ccc4nc(C(C)C)oc4c3)c2cc1C,SA_decoration_hop,smiles_lstm
CCOc1cc2ncnc(Nc3ccc4nc(C)oc4c3)c2cc1Cl,SA_decoration_hop,smiles_lstm
CCOc1cc2ncnc(Nc3ccc4nc(C)oc4c3)c2cc1C,SA_decoration_hop,smiles_lstm
COc1cc2ncnc(Nc3cccc(-n4cccn4)c3)c2cc1Cl,SA_decoration_hop,smiles_lstm
COc1cc2ncnc(Nc3cccc(-n4cccn4)c3)c2cc1C,SA_decoration_hop,smiles_lstm
COc1cc2ncnc(NCCc3scnc3C)c2cc1Cl,SA_decoration_hop,smiles_lstm
COc1cc2ncnc(NCCc3scnc3C)c2cc1C,SA_decoration_hop,smiles_lstm
COc1cc2ncnc(NCCc3scnc3C(C)C)c2cc1Cl,SA_decoration_hop,smiles_lstm
COc1cc2ncnc(NCCc3scnc3C(C)C)c2cc1C,SA_decoration_hop,smiles_lstm
COc1cc2ncnc(NCCc3ocnc3C)c2cc1Cl,SA_decoration_hop,smiles_lstm
COc1cc2ncnc(NCCc3ocnc3C)c2cc1C,SA_decoration_hop,smiles_lstm
CCc1ncsc1CCNc1ncnc2cc(OC)c(C)cc12,SA_decoration_hop,smiles_lstm
CCOc1cc2ncnc(NCCc3scnc3CC)c2cc1Cl,SA_decoration_hop,smiles_lstm
CCOc1cc2ncnc(NCCc3scnc3CC)c2cc1C,SA_decoration_hop,smiles_lstm
CCOc1cc2ncnc(NCCc3scnc3C)c2cc1Cl,SA_decoration_hop,smiles_lstm
CCOc1cc2ncnc(NCCc3scnc3C)c2cc1C,SA_decoration_hop,smiles_lstm
COc1cc2ncnc(NCCc3scnc3CC(C)C)c2cc1C,SA_decoration_hop,smiles_lstm
COc1cc2ncnc(Nc3ccc4cnoc4c3)c2cc1Cl,SA_decoration_hop,smiles_lstm
COc1cc2ncnc(Nc3ccc4cnoc4c3)c2cc1C,SA_decoration_hop,smiles_lstm
CCOc1cc2ncnc(Nc3ccc4cnoc4c3)c2cc1Cl,SA_decoration_hop,smiles_lstm
CCOc1cc2ncnc(Nc3ccc4cnoc4c3)c2cc1C,SA_decoration_hop,smiles_lstm
CCCOc1cc2ncnc(Nc3ccc4cnoc4c3)c2cc1C,SA_decoration_hop,smiles_lstm
COc1cc2ncnc(Nc3cccc(-n4nccn4)c3)c2cc1Cl,SA_decoration_hop,smiles_lstm
COc1cc2ncnc(Nc3cccc(-n4nccn4)c3)c2cc1C,SA_decoration_hop,smiles_lstm
COc1cc2ncnc(Nc3ccccc3-c3cncn3C)c2cc1C,SA_decoration_hop,smiles_lstm
CCOc1cc2ncnc(Nc3ccccc3-c3cncn3C)c2cc1C,SA_decoration_hop,smiles_lstm
COc1cc2ncnc(Nc3ccc4cnn(C)c4c3)c2cc1Cl,SA_decoration_hop,smiles_lstm
COc1cc2ncnc(Nc3ccc4cnn(C)c4c3)c2cc1C,SA_decoration_hop,smiles_lstm
CCOc1cc2ncnc(Nc3ccc4cnn(C)c4c3)c2cc1Cl,SA_decoration_hop,smiles_lstm
CCOc1cc2ncnc(Nc3ccc4cnn(C)c4c3)c2cc1C,SA_decoration_hop,smiles_lstm
COc1cc2ncnc(NCCc3snnc3C)c2cc1Cl,SA_decoration_hop,smiles_lstm
COc1cc2ncnc(NCCc3snnc3C)c2cc1C,SA_decoration_hop,smiles_lstm
COc1cc2ncnc(NCCc3snnc3C(C)C)c2cc1Cl,SA_decoration_hop,smiles_lstm
COc1cc2ncnc(NCCc3snnc3C(C)C)c2cc1C,SA_decoration_hop,smiles_lstm
CCOc1cc2ncnc(NCCc3snnc3CC)c2cc1C,SA_decoration_hop,smiles_lstm
CCOc1cc2ncnc(NCCc3snnc3C)c2cc1Cl,SA_decoration_hop,smiles_lstm
CCOc1cc2ncnc(NCCc3snnc3C)c2cc1C,SA_decoration_hop,smiles_lstm
CCOc1cc2ncnc(NCCc3snnc3C(C)C)c2cc1C,SA_decoration_hop,smiles_lstm
COc1cc2ncnc(NCc3cccc4ncsc34)c2cc1Cl,SA_decoration_hop,smiles_lstm
CCOc1cc2ncnc(NCc3cccc4ncsc34)c2cc1C,SA_decoration_hop,smiles_lstm
COCc1cc2c(NCCc3nncn3C)ncnc2cc1OC,SA_decoration_hop,smiles_lstm
CCOc1cc2ncnc(Nc3cccc(-n4nccc4C)c3)c2cc1C,SA_decoration_hop,smiles_lstm
COc1cc2ncnc(NCCc3cncn3CC(C)C)c2cc1C,SA_decoration_hop,smiles_lstm
COc1cc2ncnc(Nc3ccc4cnn(CC(C)C)c4c3)c2cc1C,SA_decoration_hop,smiles_lstm
COc1cc2ncnc(NCCc3cnnn3C)c2cc1Cl,SA_decoration_hop,smiles_lstm
COc1cc2ncnc(NCCc3cnnn3C)c2cc1C,SA_decoration_hop,smiles_lstm
COc1cc2ncnc(NCCc3cnnn3C(C)C)c2cc1Cl,SA_decoration_hop,smiles_lstm
COc1cc2ncnc(NCCc3cnnn3C(C)C)c2cc1C,SA_decoration_hop,smiles_lstm
COc1cc2ncnc(NCCc3cncn3C)c2cc1Cl,SA_decoration_hop,smiles_lstm
COc1cc2ncnc(NCC(C)c3cnnn3C)c2cc1C,SA_decoration_hop,smiles_lstm
CCn1nncc1CCNc1ncnc2cc(OC)c(Cl)cc12,SA_decoration_hop,smiles_lstm
CCOc1cc2ncnc(NCCc3cnnn3CC)c2cc1Cl,SA_decoration_hop,smiles_lstm
CCOc1cc2ncnc(NCCc3cnnn3C)c2cc1Cl,SA_decoration_hop,smiles_lstm
CCOc1cc2ncnc(NCCc3cnnn3C(C)C)c2cc1Cl,SA_decoration_hop,smiles_lstm
CCOc1cc2ncnc(NCCc3cnnn3C(C)C)c2cc1C,SA_decoration_hop,smiles_lstm
CCOc1cc2ncnc(NCCc3cncn3C)c2cc1Cl,SA_decoration_hop,smiles_lstm
CCCn1cncc1CCNc1ncnc2cc(OCC)c(C)cc12,SA_decoration_hop,smiles_lstm
COc1cc2ncnc(Nc3cccc(-n4cccn4)c3C)c2cc1Cl,SA_decoration_hop,smiles_lstm
COc1cc2ncnc(Nc3cccc(-n4cccn4)c3C)c2cc1C,SA_decoration_hop,smiles_lstm
COc1cc2ncnc(NCCc3sc(C)nc3C)c2cc1Cl,SA_decoration_hop,smiles_lstm
COc1cc2ncnc(NCCc3sc(C)nc3C)c2cc1C,SA_decoration_hop,smiles_lstm
CCOc1cc2ncnc(NCCc3sc(CC)nc3C)c2cc1C,SA_decoration_hop,smiles_lstm
CCOc1cc2ncnc(NCCc3sc(C)nc3CC)c2cc1C,SA_decoration_hop,smiles_lstm
CCOc1cc2ncnc(NCCc3sc(C)nc3C)c2cc1Cl,SA_decoration_hop,smiles_lstm
CCOc1cc2ncnc(NCCc3sc(C)nc3C)c2cc1C,SA_decoration_hop,smiles_lstm
COc1cc2ncnc(NCCc3scnc3C(F)F)c2cc1C,SA_decoration_hop,smiles_lstm
COc1cc2ncnc(NCc3cccc4nc(C)oc34)c2cc1C,SA_decoration_hop,smiles_lstm
CCOc1cc2ncnc(Nc3ccc(F)c(-n4cccn4)c3)c2cc1C,SA_decoration_hop,smiles_lstm
COc1cc2ncnc(NCCc3cnc4ccccn34)c2cc1Cl,SA_decoration_hop,smiles_lstm
COc1cc2ncnc(Nc3cccc(-n4nccn4)c3C)c2cc1Cl,SA_decoration_hop,smiles_lstm
COc1cc2ncnc(Nc3cccc(-n4nccn4)c3C)c2cc1C,SA_decoration_hop,smiles_lstm
COc1cc2ncnc(NCCc3snnc3CC(C)C)c2cc1Cl,SA_decoration_hop,smiles_lstm
COc1cc2ncnc(NCCc3snnc3CC(C)C)c2cc1C,SA_decoration_hop,smiles_lstm
COc1cc2ncnc(Nc3cccc(-n4ccnn4)c3)c2cc1C,SA_decoration_hop,smiles_lstm
COc1cc2ncnc(Nc3ccc4nc(C)oc4c3)c2cc1OC,SA_decoration_hop,smiles_lstm
COc1cc2ncnc(Nc3ccc4nc(C)oc4c3)c2cc1F,SA_decoration_hop,smiles_lstm
CCOc1cc2ncnc(Nc3ccc4nc(C)oc4c3)c2cc1OC,SA_decoration_hop,smiles_lstm
CCOc1cc2ncnc(Nc3ccc4nc(C)oc4c3)c2cc1F,SA_decoration_hop,smiles_lstm
CCCOc1cc2ncnc(Nc3ccc4nc(C)oc4c3)c2cc1OC,SA_decoration_hop,smiles_lstm
COc1cc2ncnc(Nc3ccccc3-c3cnc(C)o3)c2cc1Cl,SA_decoration_hop,smiles_lstm
COc1cc2ncnc(Nc3ccccc3-c3cncn3-c3ccccc3)c2cc1C,SA_decoration_hop,smiles_lstm
COc1cc2ncnc(NCCc3ccnn3C)c2cc1Cl,SA_decoration_hop,smiles_lstm
COc1cc2ncnc(NCCc3ccnn3C)c2cc1C,SA_decoration_hop,smiles_lstm
COc1cc2ncnc(NCC(C)c3ccnn3C)c2cc1Cl,SA_decoration_hop,smiles_lstm
CCOc1cc2ncnc(NCCc3ccnn3C)c2cc1Cl,SA_decoration_hop,smiles_lstm
CCOc1cc2ncnc(NCCc3ccnn3C)c2cc1C,SA_decoration_hop,smiles_lstm
CCCOc1cc2ncnc(NCCc3ccnn3C)c2cc1Cl,SA_decoration_hop,smiles_lstm
COc1cc2ncnc(NCCc3cnnn3CC(C)C)c2cc1Cl,SA_decoration_hop,smiles_lstm
COc1cc2ncnc(NCCc3cnnn3CC(C)C)c2cc1C,SA_decoration_hop,smiles_lstm
Cc1cc2c(Nc3ccc4ncccc4c3)ncnc2cc1OC(C)C,SA_decoration_hop,smiles_lstm
COc1cc2ncnc(Nc3ccc4ncccc4c3)c2cc1Cl,SA_decoration_hop,smiles_lstm
COc1cc2ncnc(Nc3ccc4ncccc4c3)c2cc1C,SA_decoration_hop,smiles_lstm
CCOc1cc2ncnc(Nc3ccc4ncccc4c3)c2cc1C,SA_decoration_hop,smiles_lstm
COc1cc2ncnc(NCCc3ccnn3CC(C)C)c2cc1Cl,SA_decoration_hop,smiles_lstm
COc1cc2ncnc(NCCc3ccnn3CC(C)C)c2cc1C,SA_decoration_hop,smiles_lstm
COc1cc2ncnc(Nc3ccccc3-c3cnco3)c2cc1Cl,SA_decoration_hop,smiles_lstm
COc1cc2ncnc(Nc3ccc4c(C)nn(C)c4c3)c2cc1C,SA_decoration_hop,smiles_lstm
COc1cc2nc(C)sc2cc1NC(=O)CCC1CCCOC1,SA_scaffold_hop,smiles_lstm
Fc1cc2ncnc(Nc3ccc4ncsc4c3)c2cc1Cl,SA_scaffold_hop,smiles_lstm
Fc1cc2ncnc(Nc3ccc4ncoc4c3)c2cc1Cl,SA_scaffold_hop,smiles_lstm
Fc1cc2ncnc(Nc3ccc4ncsc4c3)c2c(Cl)c1Cl,SA_scaffold_hop,smiles_lstm
Fc1cc2ncnc(Nc3ccc4ncoc4c3)c2c2ccccc12,SA_scaffold_hop,smiles_lstm
Fc1cc2ncnc(Nc3ccc4ncoc4c3)c2c(Cl)c1Cl,SA_scaffold_hop,smiles_lstm
Fc1cc2ncnc(Nc3ccc4nnsc4c3)c2cc1Cl,SA_scaffold_hop,smiles_lstm
Fc1cc2ncnc(Nc3ccc4nnoc4c3)c2cc1Cl,SA_scaffold_hop,smiles_lstm
Cc1nc2ccc(Nc3ncnc4cc(F)c(Cl)cc34)cc2s1,SA_scaffold_hop,smiles_lstm
Cc1nc2ccc(Nc3ncnc4cc(F)c(Cl)cc34)cc2o1,SA_scaffold_hop,smiles_lstm
Cc1nc2ccc(Nc3ncnc4cc(F)c(C)cc34)cc2o1,SA_scaffold_hop,smiles_lstm
CCc1nc2ccc(Nc3ncnc4cc(F)c(Cl)cc34)cc2s1,SA_scaffold_hop,smiles_lstm
CCc1nc2ccc(Nc3ncnc4cc(F)c(Cl)cc34)cc2o1,SA_scaffold_hop,smiles_lstm
CCc1nc2ccc(Nc3ncnc4cc(F)c(C)cc34)cc2s1,SA_scaffold_hop,smiles_lstm
CCc1nc2ccc(Nc3ncnc4cc(F)c(C)cc34)cc2o1,SA_scaffold_hop,smiles_lstm
Fc1cc2ncnc(Nc3ccc4ncoc4c3)c2c(F)c1Cl,SA_scaffold_hop,smiles_lstm
Fc1cc2ncnc(Nc3cccc(-n4cccn4)c3)c2cc1Cl,SA_scaffold_hop,smiles_lstm
Cc1nc2ccc(Nc3ncnc4cc(F)c(Cl)c(Cl)c34)cc2o1,SA_scaffold_hop,smiles_lstm
Cc1nc2ccc(Nc3ncnc4cc(F)c(C)c(C)c34)cc2s1,SA_scaffold_hop,smiles_lstm
COc1cc2nc(C)nc(Nc3ccc4nc(C)oc4c3)c2cc1Cl,SA_scaffold_hop,smiles_lstm
CSc1nc2ncnc(Nc3ccc4ncsc4c3)c2cc1C,SA_scaffold_hop,smiles_lstm
Fc1cc2ncnc(Nc3ccc4cnsc4c3)c2cc1Cl,SA_scaffold_hop,smiles_lstm
Fc1cc2ncnc(Nc3ccc4cnoc4c3)c2cc1Cl,SA_scaffold_hop,smiles_lstm
Cc1cc2c(Nc3ccc4nc(C)n(C)c4c3)ncnc2cc1F,SA_scaffold_hop,smiles_lstm
Cc1nc2ccc(Nc3ncnc4cc(F)c(Cl)c(F)c34)cc2s1,SA_scaffold_hop,smiles_lstm
CCc1nc2ccc(Nc3ncnc4cc(F)c(Cl)c(OC)c34)cc2s1,SA_scaffold_hop,smiles_lstm
Fc1nc2ccc(Nc3ncnc4cc(F)c(Cl)cc34)cc2s1,SA_scaffold_hop,smiles_lstm
CSc1nc2ccc(Nc3ncnc4cc(F)c(Cl)cc34)cc2s1,SA_scaffold_hop,smiles_lstm
CSc1nc2ccc(Nc3ncnc4cc(F)c(Cl)cc34)cc2o1,SA_scaffold_hop,smiles_lstm
CSc1nc2ccc(Nc3ncnc4cc(F)c(C)cc34)cc2s1,SA_scaffold_hop,smiles_lstm
CSc1nc2ccc(Nc3ncnc4cc(F)c(C)cc34)cc2o1,SA_scaffold_hop,smiles_lstm
COc1nc2ccc(Nc3ncnc4cc(F)c(Cl)cc34)cc2s1,SA_scaffold_hop,smiles_lstm
CN(C)c1nc2ccc(Nc3ncnc4cc(F)c(Cl)cc34)cc2o1,SA_scaffold_hop,smiles_lstm
CCCOc1nc2ccc(Nc3ncnc4cc(F)c(C)cc34)cc2o1,SA_scaffold_hop,smiles_lstm
Fc1cc2ncnc(Nc3ccc4ncsc4c3)c2cc1F,SA_scaffold_hop,smiles_lstm
Fc1cc2ncnc(Nc3ccc4ncoc4c3)c2cc1F,SA_scaffold_hop,smiles_lstm
COc1cc2c(Nc3ccc4ncsc4c3)ncnc2cc1F,SA_scaffold_hop,smiles_lstm
CCOc1cc2c(Nc3ccc4ncsc4c3)ncnc2cc1F,SA_scaffold_hop,smiles_lstm
Fc1cc2ncnc(Nc3ccc4cnoc4c3)c2c2ccccc12,SA_scaffold_hop,smiles_lstm
CSc1nc2ncnc(Nc3ccc4nc(C)sc4c3)c2cc1C,SA_scaffold_hop,smiles_lstm
CSc1nc2ncnc(Nc3ccc4nc(C)oc4c3)c2cc1C,SA_scaffold_hop,smiles_lstm
Fc1cc2ncnc(Nc3ccc4nonc4c3)c2cc1Cl,SA_scaffold_hop,smiles_lstm
Fc1cc2ncnc(Nc3ccc4ncsc4c3)c2c(Cl)c1F,SA_scaffold_hop,smiles_lstm
Fc1cc2ncnc(Nc3ccc4ncoc4c3)c2c(Cl)c1F,SA_scaffold_hop,smiles_lstm
Fc1cc2ncnc(Nc3ccc4ncoc4c3)c2c(-c2ccccc2)n1,SA_scaffold_hop,smiles_lstm
CCc1nc2ccc(Nc3ncnc4cc(F)c(C)c(F)c34)cc2n1C,SA_scaffold_hop,smiles_lstm
Cc1nc(Nc2ccc3ncoc3c2)c2cc(F)c(F)cc2n1,SA_scaffold_hop,smiles_lstm
COc1cc2nc(C)nc(Nc3ccc4ncoc4c3)c2cc1OC,SA_scaffold_hop,smiles_lstm
CSc1nc2ccc(Nc3ncnc4cc(F)c(Cl)c(F)c34)cc2o1,SA_scaffold_hop,smiles_lstm
Fc1cc2ncnc(Nc3ccc(F)c(-n4cccn4)c3)c2cc1Cl,SA_scaffold_hop,smiles_lstm
Fc1cc2ncnc(NCCc3cnc4ccccn34)c2cc1Cl,SA_scaffold_hop,smiles_lstm
Cn1nnc2ccc(Nc3ncnc4cc(F)c(F)cc34)cc21,SA_scaffold_hop,smiles_lstm
Cn1cnc2ccc(Nc3ncnc4cc(F)c(F)cc34)cc21,SA_scaffold_hop,smiles_lstm
CCn1nnc2ccc(Nc3ncnc4cc(F)c(F)cc34)cc21,SA_scaffold_hop,smiles_lstm
CCCn1cnc2ccc(Nc3ncnc4cc(F)c(F)cc34)cc21,SA_scaffold_hop,smiles_lstm
Cc1nc2ccc(Nc3ncnc4cc(F)c(F)cc34)cc2s1,SA_scaffold_hop,smiles_lstm
Cc1nc2ccc(Nc3ncnc4cc(F)c(F)cc34)cc2o1,SA_scaffold_hop,smiles_lstm
COc1cc2c(Nc3ccc4nc(C)sc4c3)ncnc2cc1F,SA_scaffold_hop,smiles_lstm
COc1cc2c(Nc3ccc4nc(C)oc4c3)ncnc2cc1F,SA_scaffold_hop,smiles_lstm
CCc1nc2ccc(Nc3ncnc4cc(F)c(OC)cc34)cc2o1,SA_scaffold_hop,smiles_lstm
CCc1nc2ccc(Nc3ncnc4cc(F)c(F)cc34)cc2s1,SA_scaffold_hop,smiles_lstm
CCc1nc2ccc(Nc3ncnc4cc(F)c(F)cc34)cc2o1,SA_scaffold_hop,smiles_lstm
CCOc1cc2c(Nc3ccc4nc(C)sc4c3)ncnc2cc1F,SA_scaffold_hop,smiles_lstm
CCCc1nc2ccc(Nc3ncnc4cc(F)c(F)cc34)cc2s1,SA_scaffold_hop,smiles_lstm
CCCc1nc2ccc(Nc3ncnc4cc(F)c(F)cc34)cc2o1,SA_scaffold_hop,smiles_lstm
CC(C)c1nc2ccc(Nc3ncnc4cc(F)c(F)cc34)cc2s1,SA_scaffold_hop,smiles_lstm
CC(C)c1nc2ccc(Nc3ncnc4cc(F)c(F)cc34)cc2o1,SA_scaffold_hop,smiles_lstm
Fc1ccc2c(Nc3ccc4ncsc4c3)ncnc2c1,SA_scaffold_hop,smiles_lstm
Fc1ccc2c(Nc3ccc4ncoc4c3)ncnc2c1,SA_scaffold_hop,smiles_lstm
COc1ccc2c(Nc3ccc4ncsc4c3)ncnc2c1,SA_scaffold_hop,smiles_lstm
COc1ccc2c(Nc3ccc4ncoc4c3)ncnc2c1,SA_scaffold_hop,smiles_lstm
CCOc1ccc2c(Nc3ccc4ncoc4c3)ncnc2c1,SA_scaffold_hop,smiles_lstm
Cc1cc2c(Nc3ccc4nc(C)n(F)c4c3)ncnc2cc1F,SA_scaffold_hop,smiles_lstm
Cc1nc(Nc2ccc3ncsc3c2)c2ccc(F)cc2n1,SA_scaffold_hop,smiles_lstm
CCCCc1nc2ccc(Nc3ncnc4cc(F)c(OC)cc34)cc2o1,SA_scaffold_hop,smiles_lstm
CCCCc1nc2ccc(Nc3ncnc4cc(F)c(F)cc34)cc2o1,SA_scaffold_hop,smiles_lstm
Fc1cc2ncnc(Nc3ccc4ncsc4c3)c2c(F)c1F,SA_scaffold_hop,smiles_lstm
Fc1cc2ncnc(Nc3ccc4ncoc4c3)c2c(F)c1F,SA_scaffold_hop,smiles_lstm
Fc1cc2ncnc(Nc3ccc4nc(C(F)F)sc4c3)c2cc1Cl,SA_scaffold_hop,smiles_lstm
Fc1cc2ncnc(Nc3ccc4nc(C(F)F)oc4c3)c2cc1Cl,SA_scaffold_hop,smiles_lstm
Fc1cc2ncnc(Nc3ccc4ncccc4c3)c2cc1Cl,SA_scaffold_hop,smiles_lstm
Cc1cc2ncnc(Nc3ccc4ncsc4c3)c2cc1C,SA_scaffold_hop,smiles_lstm
CCc1nc2cc(Nc3ncnc4cc(F)c(Cl)cc34)ccn2n1,SA_scaffold_hop,smiles_lstm
Cc1ncsc1CCNc1ncnc2cc(F)c(F)cc12,SA_scaffold_hop,smiles_lstm
COc1ccc2c(Nc3ccc4nnoc4c3)ncnc2c1,SA_scaffold_hop,smiles_lstm
Cc1nc2ccc(Nc3ncnc4cc(F)c(F)c(Cl)c34)cc2s1,SA_scaffold_hop,smiles_lstm
Cc1nc2ccc(Nc3ncnc4cc(F)c(F)c(Cl)c34)cc2o1,SA_scaffold_hop,smiles_lstm
Cc1nc2ccc(Nc3ncnc4cc(F)c(F)c(C)c34)cc2s1,SA_scaffold_hop,smiles_lstm
Cc1nc2ccc(Nc3ncnc4cc(F)c(F)c(C)c34)cc2o1,SA_scaffold_hop,smiles_lstm
COc1c(F)cc2ncnc(Nc3ccc4nc(C)sc4c3)c2c1C,SA_scaffold_hop,smiles_lstm
CCc1nc2ccc(Nc3ncnc4cc(F)c(OC)c(C)c34)cc2s1,SA_scaffold_hop,smiles_lstm
COc1cc2c(Nc3cccc(-n4cccn4)c3)ncnc2cc1F,SA_scaffold_hop,smiles_lstm
Fc1cc2ncnc(Nc3ccc4nocc4c3)c2cc1Cl,SA_scaffold_hop,smiles_lstm
Fc1cc2ncnc(NCc3ccccc3-n3cccn3)c2cc1Cl,SA_scaffold_hop,smiles_lstm
COc1cc2c(Nc3ccc4nc(C)oc4c3)ncnc2c(Cl)c1F,SA_scaffold_hop,smiles_lstm
Cc1nc2ccc(Nc3ncnc4cc(F)ccc34)cc2o1,SA_scaffold_hop,smiles_lstm
COc1ccc2c(Nc3ccc4nc(C)sc4c3)ncnc2c1,SA_scaffold_hop,smiles_lstm
COc1ccc2c(Nc3ccc4nc(C)oc4c3)ncnc2c1,SA_scaffold_hop,smiles_lstm
CC(C)c1nc2ccc(Nc3ncnc4cc(F)ccc34)cc2o1,SA_scaffold_hop,smiles_lstm
C=CCc1nc2ccc(Nc3ncnc4cc(F)ccc34)cc2s1,SA_scaffold_hop,smiles_lstm
